Date,Contest number,Word,Number of  reported results,Number in hard mode,1 try,2 tries,3 tries,4 tries,5 tries,6 tries,7 or more tries (X),e,t,a,o,i,th,he,in,er,an,Frequency,Char_repititions,dif
2022-03-01,255,rupee,240137,10577,1.0,2.0,17.0,35.0,30.0,13.0,2.0,2,0,0,0,0,0,0,0,0,0,5.22996799999999e-07,1,-0.0022176400014781023
2022-03-02,256,nasty,257304,10813,1.0101010101010102,7.07070707070707,26.262626262626267,31.313131313131315,21.21212121212121,11.11111111111111,2.0202020202020203,0,1,1,0,0,0,0,0,0,0,6.77708e-06,0,-0.004200916006046607
2022-03-03,257,mourn,240018,10465,1.0,8.0,29.0,34.0,19.0,8.0,1.0,0,0,0,1,0,0,0,0,0,0,2.559808e-06,0,-0.002950901462812315
2022-03-04,258,ahead,203730,9396,0.99009900990099,4.950495049504951,19.8019801980198,34.65346534653465,25.742574257425744,11.88118811881188,1.98019801980198,1,0,2,0,0,0,1,0,0,0,5.28572399999999e-05,1,-0.0007917454615326974
2022-03-05,259,brine,229895,10405,0.99009900990099,8.91089108910891,24.752475247524757,28.71287128712871,21.782178217821784,11.88118811881188,2.9702970297029703,1,0,0,0,1,0,0,1,0,0,1.660144e-06,0,-0.002238915025303087
2022-03-06,260,cloth,218595,9911,0.99009900990099,7.920792079207921,32.67326732673268,33.663366336633665,16.831683168316832,6.930693069306932,0.99009900990099,0,1,0,1,0,1,0,0,0,0,1.72126399999999e-05,0,-0.002479589675151571
2022-03-07,261,hoard,218595,9823,0.99009900990099,8.91089108910891,29.7029702970297,33.663366336633665,18.81188118811881,6.930693069306932,0.99009900990099,0,0,1,1,0,0,0,0,0,0,1.113796e-06,0,-0.0035688024152065595
2022-03-08,262,sweet,207473,9767,1.0,5.0,18.0,31.0,28.000000000000004,15.0,2.0,2,1,0,0,0,0,0,0,0,0,5.17679e-05,1,-0.0022555845119430137
2022-03-09,263,month,201799,9435,1.0,5.0,26.0,37.0,22.0,8.0,1.0,0,1,0,1,0,1,0,0,0,0,6.324196e-05,0,-0.0025389516523890016
2022-03-10,264,lapse,208884,9960,0.0,8.0,31.0,34.0,19.0,7.000000000000001,1.0,1,0,1,0,0,0,0,0,0,0,2.905818e-06,0,-0.0019380901356344862
2022-03-11,265,watch,226349,12400,1.0,6.0,14.000000000000002,18.0,17.0,24.0,20.0,0,1,1,0,0,0,0,0,0,0,7.34427e-05,0,0.004802789500436805
2022-03-12,266,today,192049,9353,1.0,7.000000000000001,29.0,35.0,20.0,7.000000000000001,1.0,0,1,1,1,0,0,0,0,0,0,0.0001486988,0,-0.0018658540026987233
2022-03-13,267,focus,179436,8937,1.0101010101010102,4.040404040404041,23.232323232323232,36.36363636363637,24.24242424242424,10.1010101010101,1.0101010101010102,0,0,0,1,0,0,0,0,0,0,0.000118429,0,-0.0010813447752109281
2022-03-14,268,smelt,185406,9373,0.0,5.0,19.0,33.0,28.000000000000004,13.0,2.0,1,1,0,0,0,0,0,0,0,0,1.55889e-06,0,-0.001020126029134219
2022-03-15,269,tease,202855,10024,0.9803921568627452,15.68627450980392,31.37254901960784,29.411764705882355,15.68627450980392,5.88235294117647,0.9803921568627452,2,1,1,0,0,0,0,0,0,0,3.637382e-06,1,-0.0029852422904348766
2022-03-16,270,cater,217856,11234,0.99009900990099,6.930693069306932,18.81188118811881,21.782178217821784,18.81188118811881,17.82178217821782,14.85148514851485,1,1,1,0,0,0,0,0,1,0,1.74908999999999e-06,0,-0.0007954824804673466
2022-03-17,271,movie,169071,8847,1.0101010101010102,5.05050505050505,18.181818181818183,30.303030303030305,26.262626262626267,16.161616161616163,3.0303030303030303,1,0,0,1,1,0,0,0,0,0,2.525518e-05,0,-0.0003611875213062263
2022-03-18,272,saute,179830,9304,1.0,8.0,31.0,34.0,19.0,6.0,1.0,1,1,1,0,0,0,0,0,0,0,1.0591468e-07,0,-0.0013103759600189835
2022-03-19,273,allow,156311,8515,0.0,4.950495049504951,20.792079207920796,31.683168316831683,25.742574257425744,13.861386138613865,2.9702970297029703,0,0,1,1,0,0,0,0,0,0,8.98091e-05,1,0.0008395072362830866
2022-03-20,274,renew,154987,8417,0.0,4.040404040404041,20.2020202020202,33.33333333333333,27.27272727272727,13.131313131313131,2.0202020202020203,2,0,0,0,0,0,0,0,0,0,3.71405e-06,1,0.00035211786011404844
2022-03-21,275,their,173636,9200,2.0202020202020203,14.14141414141414,36.36363636363637,30.303030303030305,13.131313131313131,4.040404040404041,0.0,1,1,0,0,1,1,1,0,0,0,0.002028576,0,-0.0016579003561727895
2022-03-22,276,slosh,160161,8807,0.0,2.0202020202020203,19.19191919191919,36.36363636363637,27.27272727272727,13.131313131313131,2.0202020202020203,0,0,0,1,0,0,0,0,0,0,1.737752e-07,1,-0.0004796897988027099
2022-03-23,277,purge,156785,8555,0.99009900990099,3.96039603960396,21.782178217821784,34.65346534653465,25.742574257425744,10.891089108910892,1.98019801980198,1,0,0,0,0,0,0,0,0,0,2.169016e-06,0,-0.0008647446336406683
2022-03-24,278,chest,169066,9318,0.99009900990099,13.861386138613865,34.65346534653465,30.69306930693069,13.861386138613865,4.950495049504951,0.99009900990099,1,1,0,0,0,0,1,0,0,0,6.941442e-05,0,-0.0006420045282485229
2022-03-25,279,depot,150197,8562,0.0,5.1020408163265305,29.59183673469388,36.734693877551024,20.40816326530612,7.142857142857142,1.020408163265306,1,1,0,1,0,0,0,0,0,0,3.23239e-06,0,0.0008887461680347764
2022-03-26,280,epoxy,149507,9376,0.0,2.0,13.0,31.0,33.0,18.0,3.0,1,0,0,1,0,0,0,0,0,0,1.90222399999999e-06,0,0.006009298042512726
2022-03-27,281,nymph,165468,9935,0.7936507936507936,1.5873015873015872,14.285714285714285,34.92063492063492,20.634920634920636,20.634920634920636,7.142857142857142,0,0,0,0,0,0,0,0,0,0,1.388424e-06,0,0.003017899173926572
2022-03-28,282,found,173696,10613,0.99009900990099,5.9405940594059405,16.831683168316832,21.782178217821784,19.8019801980198,20.792079207920796,13.861386138613865,0,0,0,1,0,0,0,0,0,0,0.0003934374,0,0.0033904407324347463
2022-03-29,283,shall,149070,8494,0.0,3.0303030303030303,17.17171717171717,30.303030303030305,28.28282828282828,17.17171717171717,4.040404040404041,0,0,1,0,0,0,0,0,0,0,0.0002530204,1,-0.001556368646989055
2022-03-30,284,stove,158139,9318,0.0,5.05050505050505,16.161616161616163,24.24242424242424,27.27272727272727,21.21212121212121,6.0606060606060606,1,1,0,1,0,0,0,0,0,0,7.31531799999999e-06,0,0.00042478516448631737
2022-03-31,285,lowly,135219,8469,0.0,1.98019801980198,8.91089108910891,25.742574257425744,31.683168316831683,23.76237623762376,7.920792079207921,0,0,0,1,0,0,0,0,0,0,2.241078e-06,1,0.003807063437802051
2022-04-01,286,snout,144648,8913,1.0,4.0,19.0,27.0,26.0,18.0,5.0,0,1,0,1,0,0,0,0,0,0,1.413942e-06,0,0.002434126183830855
2022-04-02,287,trope,155079,9315,1.0,16.0,33.0,28.000000000000004,15.0,6.0,1.0,1,1,0,1,0,0,0,0,0,0,2.159768e-06,0,0.0002946941627522334
2022-04-03,288,fewer,124532,7931,0.0,2.0,10.0,24.0,32.0,26.0,6.0,2,0,0,0,0,0,0,0,1,0,1.97454799999999e-05,1,0.003594594964945186
2022-04-04,289,shawl,129651,7943,0.0,3.0303030303030303,16.161616161616163,31.313131313131315,30.303030303030305,16.161616161616163,3.0303030303030303,0,0,1,0,0,0,0,0,0,0,2.60439e-06,0,0.0004860383051934966
2022-04-05,290,natal,121356,7702,0.0,2.0,14.000000000000002,32.0,32.0,17.0,3.0,0,1,2,0,0,0,0,0,0,0,2.152084e-06,1,0.001861984788371976
2022-04-06,291,comma,117856,7560,0.0,1.98019801980198,12.871287128712872,32.67326732673268,32.67326732673268,16.831683168316832,2.9702970297029703,0,0,1,1,0,0,0,0,0,0,1.72192399999999e-06,1,0.002580145458799095
2022-04-07,292,foray,117761,7575,0.0,1.98019801980198,13.861386138613865,30.69306930693069,30.69306930693069,18.81188118811881,3.96039603960396,0,0,1,1,0,0,0,0,0,0,8.85552599999999e-07,0,0.0024326638156779296
2022-04-08,293,scare,141158,9010,1.0,12.0,23.0,26.0,21.0,13.0,4.0,1,0,1,0,0,0,0,0,0,0,5.667022e-06,0,0.0015768907261278775
2022-04-09,294,stair,134210,8537,1.98019801980198,20.792079207920796,35.64356435643564,25.742574257425744,10.891089108910892,3.96039603960396,0.99009900990099,0,1,1,0,1,0,0,0,0,0,2.49955e-06,0,0.00076993347347587
2022-04-10,295,black,126241,7894,0.99009900990099,9.9009900990099,30.69306930693069,33.663366336633665,17.82178217821782,5.9405940594059405,0.99009900990099,0,0,1,0,0,0,0,0,0,0,0.0002237494,0,-0.0005630882151539118
2022-04-11,296,squad,109828,7236,0.0,3.0303030303030303,20.2020202020202,33.33333333333333,27.27272727272727,14.14141414141414,2.0202020202020203,0,0,1,0,0,0,0,0,0,0,6.111492e-06,0,0.002169411823100889
2022-04-12,297,royal,114907,7275,1.0101010101010102,5.05050505050505,24.24242424242424,36.36363636363637,23.232323232323232,9.090909090909092,1.0101010101010102,0,0,1,1,0,0,0,0,0,0,5.141106e-05,0,-0.001163665728353247
2022-04-13,298,chunk,123255,7835,1.0,4.0,29.0,42.0,18.0,5.0,1.0,0,0,0,0,0,0,0,0,0,0,2.945e-06,0,-0.0008046463749158544
2022-04-14,299,mince,113448,7356,0.0,6.0,24.0,35.0,24.0,10.0,1.0,1,0,0,0,1,0,0,1,0,0,8.86896399999999e-07,0,0.00020706427089819956
2022-04-15,300,shame,129991,8522,1.0,11.0,22.0,25.0,21.0,15.0,5.0,1,0,1,0,0,0,0,0,0,0,2.409994e-05,0,0.000630851903862667
2022-04-16,301,cheek,107987,7035,0.0,3.0,19.0,40.0,28.000000000000004,9.0,1.0,2,0,0,0,0,0,1,0,0,0,2.56356999999999e-05,1,-0.00030240583910891294
2022-04-17,302,ample,106681,7008,0.0,4.040404040404041,20.2020202020202,35.35353535353536,27.27272727272727,11.11111111111111,2.0202020202020203,1,0,1,0,0,0,0,0,0,0,6.631154e-06,0,-1.2906690383895913e-05
2022-04-18,303,flair,112383,7341,1.0,8.0,30.0,36.0,18.0,6.0,1.0,0,0,1,0,1,0,0,0,0,0,1.428384e-06,0,-0.0010039597175269949
2022-04-19,304,foyer,108899,8198,0.0,2.0202020202020203,10.1010101010101,19.19191919191919,19.19191919191919,23.232323232323232,26.262626262626267,1,0,0,1,0,0,0,0,1,0,2.90889799999999e-06,0,0.008195228374587527
2022-04-20,305,cargo,102007,6796,0.0,5.0,20.0,34.0,27.0,12.0,2.0,0,0,1,1,0,0,0,0,0,0,9.42218e-06,0,-0.0003589693512830866
2022-04-21,306,oxide,97955,6960,0.0,1.98019801980198,10.891089108910892,29.7029702970297,32.67326732673268,20.792079207920796,3.96039603960396,1,0,0,1,1,0,0,0,0,0,1.13434139999999e-05,0,0.0038938246919725528
2022-04-22,307,plant,119232,7731,1.98019801980198,18.81188118811881,38.613861386138616,27.72277227722773,9.9009900990099,2.9702970297029703,0.0,0,1,1,0,0,0,0,0,0,1,6.700368e-05,0,-0.0025297459578323828
2022-04-23,308,olive,95562,6482,1.0,6.0,25.0,34.0,23.0,10.0,1.0,1,0,0,1,1,0,0,0,0,0,1.582624e-05,0,2.2789751626492438e-05
2022-04-24,309,inert,97452,6743,0.0,7.000000000000001,27.0,34.0,22.0,9.0,1.0,1,1,0,0,1,0,0,1,1,0,2.840616e-06,0,0.0012143822750080718
2022-04-25,310,askew,91548,6549,0.0,3.0,13.0,29.0,32.0,19.0,4.0,1,0,1,0,0,0,0,0,0,0,8.697334e-07,0,0.0030202451959948085
2022-04-26,311,heist,103153,6830,1.0,13.0,32.0,31.0,16.0,6.0,1.0,1,1,0,0,1,0,1,0,0,0,4.181572e-07,0,-0.002980175914309227
2022-04-27,312,shown,98967,6564,0.0,6.0606060606060606,26.262626262626267,36.36363636363637,22.22222222222222,8.080808080808081,1.0101010101010102,0,0,0,1,0,0,0,0,0,0,0.0001330948,0,-0.0026798684221798347
2022-04-28,313,zesty,88974,6315,0.0,2.0,12.0,27.0,30.0,22.0,7.000000000000001,1,1,0,0,0,0,0,0,0,0,1.614088e-07,0,0.0017934218842651367
2022-04-29,314,trash,106652,7001,2.0,19.0,34.0,27.0,13.0,4.0,1.0,0,1,1,0,0,0,0,0,0,0,6.82154e-06,0,-0.003749479767056363
2022-04-30,315,larva,77991,5749,0.0,2.0202020202020203,10.1010101010101,25.252525252525253,35.35353535353536,23.232323232323232,4.040404040404041,0,0,2,0,0,0,0,0,0,0,9.263142e-07,1,0.0038829553258852845
2022-05-01,316,forgo,77658,5699,0.0,1.0101010101010102,9.090909090909092,26.262626262626267,37.37373737373738,23.232323232323232,3.0303030303030303,0,0,0,2,0,0,0,0,0,0,9.42473799999999e-07,1,0.0033840561042084855
2022-05-02,317,story,95643,6530,1.0,10.0,23.0,29.0,24.0,11.0,2.0,0,1,0,1,0,0,0,0,0,0,0.0001636616,0,-0.002201249719748777
2022-05-03,318,hairy,85817,5941,1.0,8.0,24.0,33.0,23.0,10.0,1.0,0,0,1,0,1,0,0,0,0,0,3.157054e-06,0,-0.0018605980028788272
2022-05-04,319,train,107750,7243,6.0606060606060606,26.262626262626267,32.323232323232325,22.22222222222222,10.1010101010101,3.0303030303030303,0.0,0,1,1,0,1,0,0,1,0,0,4.924028e-05,0,-0.003618216465464702
2022-05-05,320,homer,85979,6313,0.0,3.0,16.0,26.0,24.0,19.0,12.0,1,0,0,1,0,0,0,0,1,0,5.71922199999999e-06,0,0.002472087603902315
2022-05-06,321,badge,76292,5482,0.0,4.040404040404041,20.2020202020202,35.35353535353536,26.262626262626267,12.12121212121212,2.0202020202020203,1,0,1,0,0,0,0,0,0,0,3.925914e-06,0,0.0007553494389616888
2022-05-07,322,midst,74458,5233,0.0,2.9702970297029703,24.752475247524757,38.613861386138616,23.76237623762376,8.91089108910891,0.99009900990099,0,1,0,0,1,0,0,0,0,0,1.67161e-05,0,-0.0011935409826572402
2022-05-08,323,canny,72518,5256,0.0,2.0,10.0,30.0,34.0,20.0,4.0,0,0,1,0,0,0,0,0,0,1,6.522606e-07,1,0.0008958240230087788
2022-05-09,324,shine,88932,6146,0.99009900990099,13.861386138613865,31.683168316831683,29.7029702970297,16.831683168316832,5.9405940594059405,0.99009900990099,1,0,0,0,1,0,0,1,0,0,7.714616e-06,0,-0.002947915305870505
2022-05-10,325,gecko,74412,5489,0.0,2.0202020202020203,16.161616161616163,38.38383838383838,29.29292929292929,12.12121212121212,2.0202020202020203,1,0,0,1,0,0,0,0,0,0,3.33516e-07,0,0.0010947607964215261
2022-05-11,326,farce,79446,5688,0.0,9.183673469387756,26.53061224489796,32.6530612244898,21.428571428571427,9.183673469387756,1.020408163265306,1,0,1,0,0,0,0,0,0,0,1.52324e-06,0,-0.0008237509218095712
2022-05-12,327,slung,75673,5419,0.0,1.98019801980198,15.84158415841584,36.63366336633664,30.69306930693069,12.871287128712872,1.98019801980198,0,0,0,0,0,0,0,0,0,0,2.885554e-06,0,-0.0009229899850314166
2022-05-13,328,tipsy,77585,5522,0.0,6.0,33.0,38.0,17.0,5.0,1.0,0,1,0,0,1,0,0,0,0,0,7.88179e-07,0,-0.0015075192596345488
2022-05-14,329,metal,73225,5290,0.9803921568627452,9.803921568627452,30.392156862745097,33.33333333333333,17.647058823529413,6.862745098039216,0.9803921568627452,1,1,1,0,0,0,0,0,0,0,5.20278399999999e-05,0,-0.0007800442790031337
2022-05-15,330,yield,67115,4963,0.0,4.0,16.0,29.0,29.0,18.0,4.0,1,0,0,0,1,0,0,0,0,0,2.821524e-05,0,0.0008491718227726791
2022-05-16,331,delve,68349,5179,0.0,2.0202020202020203,14.14141414141414,32.323232323232325,33.33333333333333,16.161616161616163,2.0202020202020203,2,0,0,0,0,0,0,0,0,0,1.439982e-06,1,0.0022327377206281668
2022-05-17,332,being,70722,5142,0.0,4.0,22.0,37.0,26.0,10.0,1.0,1,0,0,0,1,0,0,1,0,0,0.0006041744,0,-0.001413679499878931
2022-05-18,333,scour,73933,5544,0.0,8.0,34.0,35.0,17.0,5.0,1.0,0,0,0,1,0,0,0,0,0,0,8.94219399999999e-07,0,0.0011491450115712204
2022-05-19,334,glass,70920,5162,0.0,4.0,19.0,33.0,27.0,14.000000000000002,3.0,0,0,1,0,0,0,0,0,0,0,7.880316e-05,1,-0.0011330532939104188
2022-05-20,335,gamer,69884,5238,1.0,4.0,17.0,28.000000000000004,26.0,18.0,6.0,1,0,1,0,0,0,0,0,1,0,4.40446399999999e-07,0,0.0009187133990526536
2022-05-21,336,scrap,66814,4973,0.99009900990099,8.91089108910891,27.72277227722773,33.663366336633665,19.8019801980198,7.920792079207921,0.99009900990099,0,0,1,0,0,0,0,0,0,0,4.415172e-06,0,5.4383275974109746e-05
2022-05-22,337,money,67909,4928,1.0,7.000000000000001,26.0,36.0,21.0,8.0,1.0,1,0,0,1,0,0,0,0,0,0,0.0001813774,0,-0.0018838236328772712
2022-05-23,338,hinge,66431,4906,0.0,5.0,25.0,37.0,22.0,9.0,2.0,1,0,0,0,1,0,0,1,0,0,2.06533599999999e-06,0,-0.00104206499886976
2022-05-24,339,album,63380,4809,0.0,5.0,26.0,35.0,24.0,9.0,1.0,0,0,1,0,0,0,0,0,0,0,8.152288e-06,0,0.0004017765967472414
2022-05-25,340,vouch,62723,4835,0.0,2.0202020202020203,9.090909090909092,25.252525252525253,33.33333333333333,24.24242424242424,6.0606060606060606,0,0,0,1,0,0,0,0,0,0,6.86489199999999e-07,0,0.001904923208047568
2022-05-26,341,asset,63188,4733,0.0,7.07070707070707,28.28282828282828,34.34343434343434,21.21212121212121,8.080808080808081,1.0101010101010102,1,1,1,0,0,0,0,0,0,0,2.15204e-05,1,-0.00034757454030343027
2022-05-27,342,tiara,63846,4842,0.0,7.920792079207921,35.64356435643564,32.67326732673268,16.831683168316832,5.9405940594059405,0.99009900990099,0,1,2,0,1,0,0,0,0,0,6.193882e-07,1,0.00048354991908979017
2022-05-28,343,crept,60069,4562,0.0,4.040404040404041,27.27272727272727,38.38383838383838,22.22222222222222,7.07070707070707,1.0101010101010102,1,1,0,0,0,0,0,0,0,0,7.827064e-06,0,0.000259372952940512
2022-05-29,344,bayou,56839,4435,0.0,6.0,17.0,33.0,29.0,13.0,2.0,0,0,1,1,0,0,0,0,0,0,8.809508e-07,0,0.002276013408886682
2022-05-30,345,atoll,60969,4741,0.0,6.0,28.000000000000004,36.0,21.0,8.0,1.0,0,1,1,1,0,0,0,0,0,0,5.15256e-07,1,0.0015784523089011487
2022-05-31,346,manor,62768,4802,0.0,6.0,27.0,34.0,21.0,10.0,2.0,0,0,1,1,0,0,0,0,0,1,4.895122e-06,0,-0.00024856699606626287
2022-06-01,347,creak,63241,4797,0.0,5.0,21.0,32.0,25.0,14.000000000000002,3.0,1,0,1,0,0,0,0,0,0,0,1.391816e-06,0,-0.0006059712423317071
2022-06-02,348,showy,61278,4770,0.0,2.0,16.0,37.0,30.0,13.0,2.0,0,0,0,1,0,0,0,0,0,0,7.52857e-07,0,0.001312304806376563
2022-06-03,349,peach,65431,4957,1.0,13.0,38.0,32.0,13.0,3.0,0.0,1,0,1,0,0,0,0,0,0,0,3.40544999999999e-06,0,-0.0008746144228241048
2022-06-04,350,froth,58263,4432,0.0,5.05050505050505,22.22222222222222,35.35353535353536,25.252525252525253,11.11111111111111,1.0101010101010102,0,1,0,1,0,1,0,0,0,0,8.509482e-07,0,-0.0008963864092347423
2022-06-05,351,depth,56738,4329,0.0,6.0,28.000000000000004,39.0,20.0,6.0,1.0,1,1,0,0,0,1,0,0,0,0,3.550968e-05,0,-0.0007319496009757925
2022-06-06,352,gloom,58478,4548,0.0,2.0,14.000000000000002,35.0,35.0,13.0,1.0,0,0,0,2,0,0,0,0,0,0,5.41535799999999e-06,1,0.0003118365906783771
2022-06-07,353,flood,58991,4440,0.0,3.0,20.0,40.0,28.000000000000004,8.0,1.0,0,0,0,2,0,0,0,0,0,0,1.558304e-05,1,-0.0027654236477062943
2022-06-08,354,trait,61026,4607,0.0,6.0,22.0,35.0,24.0,11.0,2.0,0,2,1,0,1,0,0,0,0,0,7.849066e-06,1,-0.0022448727676486063
2022-06-09,355,girth,60020,4665,0.0,6.0,23.0,33.0,23.0,12.0,3.0,0,1,0,0,1,1,0,0,0,0,9.83835799999999e-07,0,-8.41934401639155e-05
2022-06-10,356,piety,55376,4324,0.0,4.0,25.0,41.0,22.0,7.000000000000001,1.0,1,1,0,0,1,0,0,0,0,0,4.73588e-06,0,0.00017193345090092682
2022-06-11,357,goose,51958,4087,0.0,2.0,12.0,28.000000000000004,32.0,21.0,5.0,1,0,0,2,0,0,0,0,0,0,4.836776e-06,1,0.00041581599688075843
2022-06-12,358,float,56684,4323,1.0,12.0,30.0,32.0,18.0,6.0,1.0,0,1,1,1,0,0,0,0,0,0,6.623494e-06,0,-0.00204373833097328
2022-06-13,359,donor,53802,4142,0.0,3.0303030303030303,27.27272727272727,38.38383838383838,23.232323232323232,7.07070707070707,1.0101010101010102,0,0,0,2,0,0,0,0,0,0,9.929212e-06,1,-0.0017536395024509571
2022-06-14,360,atone,59968,4762,2.0,16.0,34.0,29.0,14.000000000000002,4.0,1.0,1,1,1,1,0,0,0,0,0,0,8.432026e-07,0,9.925189999765438e-05
2022-06-15,361,primo,55989,4391,0.0,3.0,22.0,38.0,25.0,10.0,2.0,0,0,0,1,1,0,0,0,0,0,9.93717e-07,0,-0.0005897905170473838
2022-06-16,362,apron,53430,4112,0.0,7.000000000000001,30.0,38.0,19.0,5.0,1.0,0,0,1,1,0,0,0,0,0,0,4.063688e-06,0,-0.002126400428083805
2022-06-17,363,blown,54665,4251,0.0,5.9405940594059405,22.77227722772277,34.65346534653465,25.742574257425744,9.9009900990099,0.99009900990099,0,0,0,1,0,0,0,0,0,0,9.05491e-06,0,-0.0014264846883565302
2022-06-18,364,cacao,47205,4101,0.0,1.0,9.0,27.0,36.0,23.0,4.0,0,0,2,1,0,0,0,0,0,0,9.789628e-07,2,0.007353912730551387
2022-06-19,365,loser,55359,4399,1.0,10.0,28.000000000000004,32.0,19.0,8.0,2.0,1,0,0,1,0,0,0,0,1,0,2.284684e-06,0,-0.00012410311032094723
2022-06-20,366,input,50484,3950,0.0,4.950495049504951,29.7029702970297,37.62376237623762,20.792079207920796,5.9405940594059405,0.99009900990099,0,1,0,0,1,0,0,1,0,0,4.182678e-05,0,-0.0017756031556427632
2022-06-21,367,gloat,53342,4194,0.0,8.0,21.0,31.0,26.0,12.0,2.0,0,1,1,1,0,0,0,0,0,0,3.88428399999999e-07,0,-0.001963623639837861
2022-06-22,368,awful,47645,3861,0.0,5.0,21.0,33.0,27.0,12.0,2.0,0,0,1,0,0,0,0,0,0,0,1.57734e-05,0,0.0007423527556666976
2022-06-23,369,brink,53111,4118,0.0,4.040404040404041,22.22222222222222,41.41414141414141,24.24242424242424,7.07070707070707,1.0101010101010102,0,0,0,0,1,0,0,1,0,0,3.46533399999999e-06,0,-0.0028297460358044785
2022-06-24,370,smite,50617,3991,0.0,5.9405940594059405,22.77227722772277,34.65346534653465,23.76237623762376,10.891089108910892,1.98019801980198,1,1,0,0,1,0,0,0,0,0,1.0147328e-06,0,-0.0016225865953881508
2022-06-25,371,beady,46089,3670,0.0,2.9702970297029703,18.81188118811881,38.613861386138616,28.71287128712871,9.9009900990099,0.99009900990099,1,0,1,0,0,0,0,0,0,0,5.599028e-07,0,-0.001172496302892942
2022-06-26,372,rusty,50450,3954,0.0,9.090909090909092,37.37373737373738,34.34343434343434,13.131313131313131,5.05050505050505,1.0101010101010102,0,1,0,0,0,0,0,0,0,0,4.389946e-06,0,-0.002491178949450626
2022-06-27,373,retro,47986,3848,0.0,6.0606060606060606,24.24242424242424,35.35353535353536,24.24242424242424,9.090909090909092,1.0101010101010102,1,1,0,1,0,0,0,0,0,0,1.0860886e-06,1,-0.0011067228359037812
2022-06-28,374,droll,47312,3844,0.0,2.0,16.0,31.0,31.0,17.0,3.0,0,0,0,1,0,0,0,0,0,0,5.96687799999999e-07,1,-0.0006190243435630072
2022-06-29,375,gawky,45645,3957,0.0,1.0101010101010102,5.05050505050505,22.22222222222222,33.33333333333333,28.28282828282828,10.1010101010101,0,0,1,0,0,0,0,0,0,0,1.547874e-07,0,0.005120034217723057
2022-06-30,376,hutch,44212,3758,0.0,1.0101010101010102,12.12121212121212,28.28282828282828,28.28282828282828,21.21212121212121,9.090909090909092,0,1,0,0,0,0,0,0,0,0,5.893736e-07,1,0.0033601395192859596
2022-07-01,377,pinto,47248,3792,0.0,5.0,25.0,41.0,22.0,6.0,1.0,0,1,0,1,1,0,0,1,0,0,1.57939999999999e-06,0,-0.001483869611669783
2022-07-02,378,egret,41765,3515,0.0,3.0,14.000000000000002,33.0,33.0,15.0,2.0,2,1,0,0,0,0,0,0,0,0,1.83014e-07,1,0.0020910316291768705
2022-07-03,379,lilac,40486,3461,0.0,2.0202020202020203,17.17171717171717,38.38383838383838,29.29292929292929,12.12121212121212,1.0101010101010102,0,0,1,0,1,0,0,0,0,0,1.204662e-06,1,0.0033535415098276955
2022-07-04,380,sever,42645,3591,0.0,2.0202020202020203,13.131313131313131,27.27272727272727,29.29292929292929,21.21212121212121,7.07070707070707,2,0,0,0,0,0,0,0,1,0,1.224274e-06,1,0.0016453676436518766
2022-07-05,381,field,44578,3604,0.99009900990099,5.9405940594059405,24.752475247524757,35.64356435643564,22.77227722772277,8.91089108910891,0.99009900990099,1,0,0,0,1,0,0,0,0,0,0.0001579354,0,-0.0022822196913855203
2022-07-06,382,fluff,47344,4049,0.0,0.0,4.0,25.0,44.0,23.0,4.0,0,0,0,0,0,0,0,0,0,0,8.636338e-07,2,0.0026898856852827224
2022-07-07,383,agape,43407,3671,0.0,1.98019801980198,17.82178217821782,35.64356435643564,26.73267326732673,14.85148514851485,2.9702970297029703,1,0,2,0,0,0,0,0,0,0,1.09221159999999e-06,1,0.001669841181234713
2022-07-08,384,voice,42806,3484,1.0,5.0,24.0,35.0,25.0,9.0,1.0,1,0,0,1,1,0,0,0,0,0,0.0002077896,0,-0.0016131392988128768
2022-07-09,385,stead,47094,3933,0.99009900990099,5.9405940594059405,19.8019801980198,26.73267326732673,27.72277227722773,15.84158415841584,2.9702970297029703,1,1,1,0,0,0,0,0,0,0,2.429294e-06,0,0.0001811123235312545
2022-07-10,386,berth,41785,3494,0.0,7.000000000000001,24.0,35.0,24.0,9.0,1.0,1,1,0,0,0,1,0,0,1,0,1.70556e-06,0,0.00023425762444018172
2022-07-11,387,madam,40545,3430,0.0,2.9702970297029703,12.871287128712872,34.65346534653465,33.663366336633665,13.861386138613865,1.98019801980198,0,0,2,0,0,0,0,0,0,0,7.333672e-06,2,0.0007953357571749142
2022-07-12,388,night,46910,3870,1.0,8.0,27.0,27.0,17.0,13.0,7.000000000000001,0,1,0,0,1,0,0,0,0,0,0.0002603856,0,-0.001860544908432779
2022-07-13,389,bland,46246,3727,0.0,7.142857142857142,31.63265306122449,38.775510204081634,18.367346938775512,4.081632653061225,0.0,0,0,1,0,0,0,0,0,0,1,2.967486e-06,0,-0.003461115810585544
2022-07-14,390,liver,40549,3388,0.0,4.040404040404041,16.161616161616163,26.262626262626267,25.252525252525253,20.2020202020202,8.080808080808081,1,0,0,0,1,0,0,0,1,0,2.454614e-05,0,-0.0005564170982004096
2022-07-15,391,wedge,39234,3353,0.0,1.98019801980198,10.891089108910892,31.683168316831683,36.63366336633664,16.831683168316832,1.98019801980198,2,0,0,0,0,0,0,0,0,0,4.07357e-06,1,0.0012610108151386301
2022-07-16,392,roomy,38769,3280,0.0,2.0,17.0,41.0,28.000000000000004,10.0,2.0,0,0,0,2,0,0,0,0,0,0,4.43442199999999e-07,1,8.488431650230388e-05
2022-07-17,393,wacky,39611,3345,0.0,3.0303030303030303,18.181818181818183,39.39393939393939,27.27272727272727,10.1010101010101,2.0202020202020203,0,0,1,0,0,0,0,0,0,0,3.55536e-07,0,-0.00012410887475500232
2022-07-18,394,flock,42574,3548,0.0,4.0,22.0,37.0,27.0,9.0,1.0,0,0,0,1,0,0,0,0,0,0,6.199398e-06,0,-0.001650859900631324
2022-07-19,395,angry,39667,3358,0.0,5.05050505050505,27.27272727272727,38.38383838383838,21.21212121212121,7.07070707070707,1.0101010101010102,0,0,1,0,0,0,0,0,0,1,4.058566e-05,0,-0.0008902780883249389
2022-07-20,396,trite,42237,3685,0.0,4.0,14.000000000000002,22.0,22.0,23.0,15.0,1,2,0,0,1,0,0,0,0,0,5.52296e-07,1,0.0020078273745171016
2022-07-21,397,aphid,39086,3367,0.0,6.0,24.0,36.0,23.0,9.0,2.0,0,0,1,0,1,0,0,0,0,0,4.014522e-07,0,0.0008621228061690966
2022-07-22,398,tryst,43099,3665,0.0,3.0,26.0,41.0,23.0,6.0,1.0,0,2,0,0,0,0,0,0,0,0,4.522726e-07,1,-0.00032092873732766924
2022-07-23,399,midge,36769,3111,0.0,2.0202020202020203,18.181818181818183,39.39393939393939,28.28282828282828,10.1010101010101,2.0202020202020203,1,0,0,0,1,0,0,0,0,0,4.29169999999999e-07,0,-0.001052123720023973
2022-07-24,400,power,39813,3401,2.0202020202020203,6.0606060606060606,19.19191919191919,29.29292929292929,24.24242424242424,15.151515151515152,4.040404040404041,1,0,0,1,0,0,0,0,1,0,0.0003364674,0,-0.0002741587113614663
2022-07-25,401,elope,39228,3339,0.0,4.040404040404041,22.22222222222222,32.323232323232325,26.262626262626267,13.131313131313131,2.0202020202020203,2,0,0,1,0,0,0,0,0,0,2.621828e-07,1,-0.0009840255622403093
2022-07-26,402,cinch,39171,3507,0.0,1.98019801980198,14.85148514851485,23.76237623762376,21.782178217821784,24.752475247524757,12.871287128712872,0,0,0,0,1,0,0,1,0,0,3.41019399999999e-07,1,0.00288627898190455
2022-07-27,403,motto,38384,3285,0.0,1.0101010101010102,11.11111111111111,36.36363636363637,36.36363636363637,14.14141414141414,1.0101010101010102,0,2,0,2,0,0,0,0,0,0,2.922292e-06,2,-0.0007401517213722758
2022-07-28,404,stomp,40650,3490,0.0,7.07070707070707,26.262626262626267,32.323232323232325,21.21212121212121,11.11111111111111,2.0202020202020203,0,1,0,1,0,0,0,0,0,0,7.949276e-07,0,-0.0005111285088181539
2022-07-29,405,upset,37791,3213,0.0,5.0,30.0,38.0,20.0,6.0,1.0,1,1,0,0,0,0,0,0,0,0,1.929382e-05,0,-0.0014221953362711925
2022-07-30,406,bluff,37353,3171,0.0,2.0,14.000000000000002,42.0,31.0,10.0,1.0,0,0,0,0,0,0,0,0,0,0,3.25407e-06,1,-0.0018533953739758302
2022-07-31,407,cramp,39250,3369,1.0101010101010102,8.080808080808081,26.262626262626267,33.33333333333333,19.19191919191919,10.1010101010101,2.0202020202020203,0,0,1,0,0,0,0,0,0,0,8.174342e-07,0,-0.0009488564033172803
2022-08-01,408,quart,36662,3303,0.0,5.0,20.0,33.0,27.0,13.0,2.0,0,1,1,0,0,0,0,0,0,0,1.81028599999999e-06,0,0.0029067522996836376
2022-08-02,409,coyly,34909,3380,0.0,0.0,4.040404040404041,17.17171717171717,28.28282828282828,35.35353535353536,15.151515151515152,0,0,0,1,0,0,0,0,0,0,4.253886e-07,1,0.00911776981912503
2022-08-03,410,youth,38381,3327,0.99009900990099,4.950495049504951,16.831683168316832,30.69306930693069,28.71287128712871,14.85148514851485,2.9702970297029703,0,1,0,1,0,1,0,0,0,0,5.324114e-05,0,-0.000676753002128036
2022-08-04,411,rhyme,37229,3336,0.0,4.040404040404041,22.22222222222222,39.39393939393939,25.252525252525253,8.080808080808081,1.0101010101010102,1,0,0,0,0,0,0,0,0,0,3.20681e-06,0,0.002227570539098833
2022-08-05,412,buggy,37350,3428,0.0,1.0,9.0,29.0,34.0,22.0,5.0,0,0,0,0,0,0,0,0,0,0,2.064934e-06,1,0.004347586276507498
2022-08-06,413,alien,38841,3395,3.0303030303030303,17.17171717171717,31.313131313131315,29.29292929292929,15.151515151515152,4.040404040404041,0.0,1,0,1,0,1,0,0,0,0,0,1.280364e-05,0,-0.00030539366280470104
2022-08-07,414,smear,36223,3190,0.0,2.0,16.0,39.0,29.0,12.0,2.0,1,0,1,0,0,0,0,0,0,0,2.323496e-06,0,0.0003390632958418238
2022-08-08,415,unfit,35516,3187,0.0,3.0,24.0,38.0,25.0,9.0,1.0,0,1,0,0,1,0,0,0,0,0,2.294658e-06,0,0.0016279686952753447
2022-08-09,416,patty,36223,3019,0.0,2.0202020202020203,16.161616161616163,39.39393939393939,29.29292929292929,12.12121212121212,1.0101010101010102,0,2,1,0,0,0,0,0,0,0,3.340174e-06,1,-0.005280266144220738
2022-08-10,417,cling,37654,3312,0.0,4.0,20.0,34.0,27.0,13.0,2.0,0,0,0,0,1,0,0,1,0,0,3.42611199999999e-06,0,-0.00032118899050347094
2022-08-11,418,glean,37301,3243,0.0,6.0606060606060606,23.232323232323232,37.37373737373738,24.24242424242424,8.080808080808081,1.0101010101010102,1,0,1,0,0,0,0,0,0,1,8.634564e-07,0,-0.0013583278994410558
2022-08-12,419,label,34198,3076,0.0,4.0,18.0,32.0,29.0,15.0,2.0,1,0,1,0,0,0,0,0,0,0,1.890204e-05,1,0.0015942083292039694
2022-08-13,420,hunky,35276,3185,0.0,1.0101010101010102,11.11111111111111,33.33333333333333,25.252525252525253,22.22222222222222,7.07070707070707,0,0,0,0,0,0,0,0,0,0,2.73659e-07,0,0.001655503894203339
2022-08-14,421,khaki,31652,2968,0.0,2.0,17.0,33.0,28.000000000000004,16.0,4.0,0,0,1,0,1,0,0,0,0,0,1.3224e-06,1,0.005123957513807953
2022-08-15,422,poker,35376,3180,0.0,4.0,17.0,30.0,27.0,17.0,5.0,1,0,0,1,0,0,0,0,1,0,3.473986e-06,0,0.000866180749039977
2022-08-16,423,gruel,35105,3087,0.0,3.0,19.0,39.0,29.0,9.0,1.0,1,0,0,0,0,0,0,0,0,0,4.168376e-07,0,-0.0016077237376447284
2022-08-17,424,twice,35815,3173,0.99009900990099,5.9405940594059405,27.72277227722773,37.62376237623762,20.792079207920796,5.9405940594059405,0.99009900990099,1,1,0,0,1,0,0,0,0,0,3.77454199999999e-05,0,-0.0006043973886706716
2022-08-18,425,twang,34938,3172,0.0,2.9702970297029703,21.782178217821784,42.57425742574257,24.752475247524757,6.930693069306932,0.99009900990099,0,1,1,0,0,0,0,0,0,1,4.465396e-07,0,0.0015713339547031302
2022-08-19,426,shrug,33965,2987,0.0,4.0,23.0,36.0,26.0,10.0,1.0,0,0,0,0,0,0,0,0,0,0,5.191166e-06,0,-0.0013272459980883111
2022-08-20,427,treat,38245,3249,0.99009900990099,21.782178217821784,31.683168316831683,25.742574257425744,13.861386138613865,4.950495049504951,0.99009900990099,1,2,1,0,0,0,0,0,0,0,3.39869e-05,1,-0.004598374310133491
2022-08-21,428,waste,35617,3186,1.0,7.000000000000001,19.0,27.0,24.0,17.0,5.0,1,1,1,0,0,0,0,0,0,0,4.196058e-05,0,-0.00011226716888550203
2022-08-22,429,merit,35888,3123,0.0,7.07070707070707,33.33333333333333,37.37373737373738,17.17171717171717,5.05050505050505,0.0,1,1,0,0,1,0,0,0,1,0,9.969728e-06,0,-0.0029226849532749816
2022-08-23,430,woven,33549,2933,0.0,2.0202020202020203,13.131313131313131,32.323232323232325,32.323232323232325,17.17171717171717,3.0303030303030303,1,0,0,1,0,0,0,0,0,0,5.161908e-06,0,-0.0030376958349787597
2022-08-24,431,needy,33700,2927,0.0,2.0,21.0,41.0,26.0,9.0,1.0,2,0,0,0,0,0,0,0,0,0,3.52995e-06,1,-0.0032621074725611987
2022-08-25,432,clown,36737,3175,0.99009900990099,7.920792079207921,28.71287128712871,35.64356435643564,19.8019801980198,5.9405940594059405,0.99009900990099,0,0,0,1,0,0,0,0,0,0,2.568006e-06,0,-0.0037110646312265155
2022-08-26,433,irony,34716,3046,0.0,6.0606060606060606,29.29292929292929,34.34343434343434,21.21212121212121,8.080808080808081,1.0101010101010102,0,0,0,1,1,0,0,0,0,0,7.745302e-06,0,-0.002448309484670161
2022-08-27,434,ruder,31241,2784,0.0,2.0,16.0,33.0,29.0,16.0,4.0,1,0,0,0,0,0,0,0,1,0,1.71637e-07,1,-0.0013550914534844472
2022-08-28,435,gauze,30214,2866,0.0,1.98019801980198,10.891089108910892,23.76237623762376,30.69306930693069,24.752475247524757,7.920792079207921,1,0,1,0,0,0,0,0,0,0,1.72404999999999e-06,0,0.004374669742437609
2022-08-29,436,chief,34281,3072,1.0,6.0,32.0,38.0,18.0,5.0,0.0,1,0,0,0,1,0,0,0,0,0,6.50058e-05,0,-0.0012491652912531709
2022-08-30,437,onset,33660,3009,0.0,3.96039603960396,28.71287128712871,39.6039603960396,20.792079207920796,5.9405940594059405,0.99009900990099,1,1,0,1,0,0,0,0,0,0,1.51093399999999e-05,0,-0.001986176839086279
2022-08-31,438,prize,35343,3166,0.0,5.0,12.0,20.0,32.0,26.0,5.0,1,0,0,0,1,0,0,0,0,0,1.43324e-05,0,-0.0014554820315887257
2022-09-01,439,fungi,31903,2928,0.0,2.0202020202020203,18.181818181818183,41.41414141414141,28.28282828282828,9.090909090909092,1.0101010101010102,0,0,0,0,1,0,0,0,0,0,5.21569799999999e-06,0,0.0007239668653327702
2022-09-02,440,charm,35724,3149,0.99009900990099,11.88118811881188,31.683168316831683,33.663366336633665,15.84158415841584,4.950495049504951,0.99009900990099,0,0,1,0,0,0,0,0,0,0,1.0215244e-05,0,-0.00295885005122018
2022-09-03,441,gully,31191,2877,0.0,1.0,9.0,27.0,31.0,25.0,7.000000000000001,0,0,0,0,0,0,0,0,0,0,1.280928e-06,1,0.0008513482276455431
2022-09-04,442,inter,32018,2889,0.0,6.0606060606060606,25.252525252525253,36.36363636363637,23.232323232323232,8.080808080808081,1.0101010101010102,1,1,0,0,1,0,0,1,1,0,1.81771e-05,0,-0.0011695650656901868
2022-09-05,443,whoop,32733,2970,0.0,0.99009900990099,15.84158415841584,46.53465346534654,28.71287128712871,6.930693069306932,0.99009900990099,0,0,0,2,0,0,0,0,0,0,8.11217399999999e-07,1,-0.0010453656479344209
2022-09-06,444,taunt,32734,3022,0.0,4.0,19.0,27.0,21.0,16.0,13.0,0,2,1,0,0,0,0,0,0,0,1.019362e-06,1,2.1836605053823788e-05
2022-09-07,445,leery,30992,2873,0.0,3.0303030303030303,17.17171717171717,37.37373737373738,28.28282828282828,12.12121212121212,2.0202020202020203,2,0,0,0,0,0,0,0,1,0,3.29027999999999e-07,1,0.000748676031604556
2022-09-08,446,class,31962,3001,0.0,4.040404040404041,21.21212121212121,32.323232323232325,22.22222222222222,13.131313131313131,7.07070707070707,0,0,1,0,0,0,0,0,0,0,0.000162074,1,0.0019206346686299614
2022-09-09,447,theme,32172,2909,0.0,8.080808080808081,29.29292929292929,40.4040404040404,18.181818181818183,4.040404040404041,0.0,2,1,0,0,0,1,1,0,0,0,2.572092e-05,1,-0.0016044687317176148
2022-09-10,448,lofty,29237,2777,0.0,4.0,19.0,34.0,27.0,13.0,3.0,0,1,0,1,0,0,0,0,0,0,4.62448e-06,0,0.0026777928070593343
2022-09-11,449,tibia,27887,2675,0.0,1.0101010101010102,14.14141414141414,40.4040404040404,30.303030303030305,12.12121212121212,2.0202020202020203,0,1,1,0,2,0,0,0,0,0,1.400848e-06,1,0.00360501689063579
2022-09-12,450,booze,29147,2883,0.0,1.0,7.000000000000001,27.0,38.0,23.0,4.0,1,0,0,2,0,0,0,0,0,0,1.913464e-06,1,0.006215168209609101
2022-09-13,451,alpha,29497,2706,0.0,3.0,19.0,40.0,28.000000000000004,9.0,1.0,0,0,2,0,0,0,0,0,0,0,1.23883e-05,1,-0.001477686675181611
2022-09-14,452,thyme,32142,2938,1.0101010101010102,5.05050505050505,24.24242424242424,41.41414141414141,23.232323232323232,5.05050505050505,0.0,1,1,0,0,0,1,0,0,0,0,2.429484e-06,0,-0.001463538413116111
2022-09-15,453,doubt,33344,3011,1.0101010101010102,12.12121212121212,32.323232323232325,34.34343434343434,16.161616161616163,4.040404040404041,0.0,0,1,0,1,0,0,0,0,0,0,7.28667e-05,0,-0.0025887634464934334
2022-09-16,454,parer,37309,4130,0.0,0.0,4.0,11.0,15.0,22.0,48.0,1,0,1,0,0,0,0,0,1,0,3.100232e-08,1,0.017754686762132627
2022-09-17,455,chute,33418,3073,0.0,11.11111111111111,37.37373737373738,36.36363636363637,12.12121212121212,3.0303030303030303,0.0,1,1,0,0,0,0,0,0,0,0,1.157864e-06,0,-0.0012603224378653632
2022-09-18,456,stick,33102,3038,1.0101010101010102,9.090909090909092,36.36363636363637,35.35353535353536,14.14141414141414,4.040404040404041,0.0,0,1,0,0,1,0,0,0,0,0,2.80941e-05,0,-0.0014474496593799568
2022-09-19,457,trice,35050,3430,0.0,5.0,24.0,25.0,18.0,17.0,11.0,1,1,0,0,1,0,0,0,0,0,2.999868e-07,0,0.004261984930024984
2022-09-20,458,alike,31277,2843,0.0,6.0,20.0,33.0,27.0,12.0,2.0,1,0,1,0,1,0,0,0,0,0,1.421084e-05,0,-0.003213744883683839
2022-09-21,459,recap,31976,2900,0.0,5.0,30.0,35.0,21.0,8.0,1.0,1,0,1,0,0,0,0,0,0,0,7.43256e-07,0,-0.003067186999941532
2022-09-22,460,saint,34455,3119,1.0,14.000000000000002,35.0,29.0,15.0,5.0,1.0,0,1,1,0,1,0,0,1,0,0,2.562898e-05,0,-0.0032501882201904364
2022-09-23,461,glory,31509,2893,0.0,6.0606060606060606,30.303030303030305,39.39393939393939,19.19191919191919,5.05050505050505,0.0,0,0,0,1,0,0,0,0,0,0,2.791356e-05,0,-0.0020060263826611885
2022-09-24,462,grate,32777,3077,1.0101010101010102,14.14141414141414,29.29292929292929,28.28282828282828,16.161616161616163,8.080808080808081,3.0303030303030303,1,1,1,0,0,0,0,0,0,0,2.00247799999999e-06,0,-0.00021854854445030325
2022-09-25,463,admit,28994,2677,0.0,10.0,25.0,34.0,22.0,8.0,1.0,0,1,1,0,1,0,0,0,0,0,2.819082e-05,0,-0.0017735333917654333
2022-09-26,464,brisk,31706,2884,0.0,5.1020408163265305,23.46938775510204,38.775510204081634,24.489795918367346,7.142857142857142,1.020408163265306,0,0,0,0,1,0,0,0,0,0,2.858436e-06,0,-0.003516112636986035
2022-09-27,465,soggy,30985,2888,0.0,2.0202020202020203,18.181818181818183,38.38383838383838,28.28282828282828,11.11111111111111,2.0202020202020203,0,0,0,1,0,0,0,0,0,0,9.39279999999999e-07,1,-0.0017834185823152743
2022-09-28,466,usurp,31355,3007,0.0,3.061224489795918,21.428571428571427,38.775510204081634,26.53061224489796,9.183673469387756,1.020408163265306,0,0,0,0,0,0,0,0,0,0,5.600184e-07,1,0.0012634405210978084
2022-09-29,467,scald,30477,2829,0.0,4.0,23.0,36.0,24.0,11.0,2.0,0,0,1,0,0,0,0,0,0,0,2.44763e-07,0,-0.0018276093136769256
2022-09-30,468,scorn,31223,2859,0.0,7.920792079207921,30.69306930693069,34.65346534653465,19.8019801980198,5.9405940594059405,0.99009900990099,0,0,0,1,0,0,0,0,0,0,3.78639999999999e-06,0,-0.003131119076342656
2022-10-01,469,leave,28202,2696,0.0,4.081632653061225,16.3265306122449,34.69387755102041,31.63265306122449,12.244897959183673,1.020408163265306,2,0,1,0,0,0,0,0,0,0,0.0001592637999999,1,0.0006240114398962937
2022-10-02,470,twine,30088,2775,0.0,6.0,28.000000000000004,40.0,20.0,5.0,1.0,1,1,0,0,1,0,0,1,0,0,1.080312e-06,0,-0.002749737260169388
2022-10-03,471,sting,32288,2969,0.9803921568627452,9.803921568627452,29.411764705882355,32.35294117647059,17.647058823529413,7.84313725490196,1.96078431372549,0,1,0,0,1,0,0,1,0,0,4.37337e-06,0,-0.0033988872008487714
2022-10-04,472,bough,32014,3060,0.0,3.0303030303030303,17.17171717171717,35.35353535353536,28.28282828282828,13.131313131313131,3.0303030303030303,0,0,0,1,0,0,0,0,0,0,9.064482e-07,0,-0.000281889999686355
2022-10-05,473,march,30935,2885,0.0,9.0,30.0,35.0,19.0,6.0,1.0,0,0,1,0,0,0,0,0,0,0,8.400524e-05,0,-0.002253531698710537
2022-10-06,474,sloth,32522,2987,1.0101010101010102,10.1010101010101,38.38383838383838,34.34343434343434,13.131313131313131,3.0303030303030303,0.0,0,1,0,1,0,1,0,0,0,0,8.071266e-07,0,-0.003681449804170303
2022-10-07,475,dandy,29026,2840,0.0,2.0,11.0,23.0,29.0,24.0,11.0,0,0,1,0,0,0,0,0,0,1,1.30498599999999e-06,1,0.0022698162427744056
2022-10-08,476,vigor,26905,2642,0.0,2.0202020202020203,15.151515151515152,35.35353535353536,31.313131313131315,14.14141414141414,2.0202020202020203,0,0,0,1,1,0,0,0,0,0,2.356196e-06,0,0.0023500519216747146
2022-10-09,477,howdy,28408,2668,0.0,2.0,13.0,32.0,32.0,17.0,4.0,0,0,0,1,0,0,0,0,0,0,3.79938e-07,0,-0.0019372546756643017
2022-10-10,478,enjoy,26878,2654,0.0,3.0,12.0,29.0,33.0,20.0,3.0,1,0,0,1,0,0,0,0,0,0,4.206276e-05,0,0.002568080429447825
2022-10-11,479,valid,28575,2752,0.0,4.0,28.000000000000004,38.0,21.0,8.0,1.0,0,0,1,0,1,0,0,0,0,0,2.209962e-05,0,-0.00032550992623463226
2022-10-12,480,ionic,29151,2947,0.0,2.0,13.0,25.0,28.000000000000004,21.0,11.0,0,0,0,1,2,0,0,0,0,0,5.003394e-06,1,0.004865742147128524
2022-10-13,481,equal,27197,2677,0.0,4.950495049504951,22.77227722772277,34.65346534653465,24.752475247524757,10.891089108910892,1.98019801980198,1,0,1,0,0,0,0,0,0,0,6.838432e-05,0,0.002241469573292562
2022-10-14,482,floor,28906,2752,0.0,3.0,23.0,44.0,24.0,6.0,0.0,0,0,0,2,0,0,0,0,0,0,0.0001055945399999,1,-0.0009764512335900533
2022-10-15,483,catch,30403,3123,0.0,7.07070707070707,18.181818181818183,20.2020202020202,15.151515151515152,16.161616161616163,23.232323232323232,0,1,1,0,0,0,0,0,0,0,4.14969599999999e-05,1,0.0063181470913526855
2022-10-16,484,spade,30459,2854,1.0,8.0,29.0,36.0,19.0,6.0,1.0,1,0,1,0,0,0,0,0,0,0,1.860398e-06,0,-0.0026559713858705647
2022-10-17,485,stein,31269,2965,0.99009900990099,11.88118811881188,33.663366336633665,31.683168316831683,15.84158415841584,4.950495049504951,0.99009900990099,1,1,0,0,1,0,0,1,0,0,5.125034e-06,0,-0.0018532753074572694
2022-10-18,486,exist,28612,2805,0.0,5.05050505050505,24.24242424242424,38.38383838383838,23.232323232323232,8.080808080808081,1.0101010101010102,1,1,0,0,1,0,0,0,0,0,5.28416599999999e-05,0,0.0009010799562944455
2022-10-19,487,quirk,28322,2794,0.0,3.0,23.0,39.0,24.0,9.0,2.0,0,0,0,0,1,0,0,0,0,0,9.261552e-07,0,0.0019214274688040683
2022-10-20,488,denim,28741,2769,0.0,5.05050505050505,29.29292929292929,40.4040404040404,20.2020202020202,5.05050505050505,0.0,1,0,0,0,1,0,0,0,0,0,1.59210799999999e-06,0,-0.0003465390232483684
2022-10-21,489,grove,28637,2794,0.0,4.0,18.0,30.0,28.000000000000004,17.0,3.0,1,0,0,1,0,0,0,0,0,0,7.545198e-06,0,0.0009715452920694284
2022-10-22,490,spiel,29084,2810,0.0,6.930693069306932,31.683168316831683,35.64356435643564,18.81188118811881,5.9405940594059405,0.99009900990099,1,0,0,0,1,0,0,0,0,0,3.86291199999999e-07,0,-0.0001099281288524101
2022-10-23,491,mummy,29279,3021,0.0,0.99009900990099,3.96039603960396,13.861386138613865,26.73267326732673,36.63366336633664,17.82178217821782,0,0,0,0,0,0,0,0,0,0,3.691808e-06,2,0.0065877053410407505
2022-10-24,492,fault,28947,2768,0.0,7.000000000000001,27.0,35.0,22.0,8.0,1.0,0,1,1,0,0,0,0,0,0,0,3.070892e-05,0,-0.0012006410901545111
2022-10-25,493,foggy,28953,2817,0.0,2.0,13.0,35.0,32.0,15.0,3.0,0,0,0,1,0,0,0,0,0,0,1.39071e-06,1,0.00010115104374537609
2022-10-26,494,flout,30063,2904,0.0,6.0,28.000000000000004,37.0,21.0,7.000000000000001,1.0,0,1,0,1,0,0,0,0,0,0,2.23696599999999e-07,0,-0.00010411229656380472
2022-10-27,495,carry,27609,2615,0.0,4.0,22.0,35.0,24.0,12.0,3.0,0,0,1,0,0,0,0,0,0,0,5.760598e-05,1,-0.0018574151455729576
2022-10-28,496,sneak,27905,2636,0.0,7.000000000000001,28.000000000000004,36.0,21.0,7.000000000000001,1.0,1,0,1,0,0,0,0,0,0,0,4.479848e-06,0,-0.0020143470777185812
2022-10-29,497,libel,25156,2536,0.0,3.0,15.0,32.0,32.0,16.0,2.0,1,0,0,0,1,0,0,0,0,0,1.56705e-06,1,0.0042011507838303624
2022-10-30,498,waltz,24672,2496,0.0,2.0202020202020203,11.11111111111111,29.29292929292929,35.35353535353536,19.19191919191919,3.0303030303030303,0,1,1,0,0,0,0,0,0,0,2.00023799999999e-06,0,0.004692102751305147
2022-10-31,499,aptly,26498,2572,0.0,2.9702970297029703,25.742574257425744,40.5940594059406,22.77227722772277,6.930693069306932,0.99009900990099,0,1,1,0,0,0,0,0,0,0,2.059358e-06,0,0.0003570887027831704
2022-11-01,500,piney,27502,3667,0.0,0.99009900990099,13.861386138613865,36.63366336633664,32.67326732673268,13.861386138613865,1.98019801980198,1,0,0,0,1,0,0,1,0,0,2.055602e-07,0,0.03625812705074841
2022-11-02,501,inept,27670,2640,0.0,5.88235294117647,29.411764705882355,38.23529411764706,19.607843137254903,5.88235294117647,0.9803921568627452,1,1,0,0,1,0,0,1,0,0,8.402978e-07,0,-0.0011742311047438642
2022-11-03,502,aloud,29554,2819,1.0,18.0,31.0,30.0,15.0,4.0,1.0,0,0,1,1,0,0,0,0,0,0,1.154556e-05,0,-0.0010713513323045015
2022-11-04,503,photo,27330,2565,0.0,5.0,34.0,43.0,15.0,3.0,0.0,0,1,0,2,0,0,0,0,0,0,2.84588199999999e-05,1,-0.002507960365524059
2022-11-05,504,dream,29743,2751,5.05050505050505,14.14141414141414,31.313131313131315,29.29292929292929,15.151515151515152,4.040404040404041,1.0101010101010102,1,0,1,0,0,0,0,0,0,0,5.38015599999999e-05,0,-0.004000602168725442
2022-11-06,505,stale,31068,3013,1.98019801980198,18.81188118811881,29.7029702970297,26.73267326732673,14.85148514851485,5.9405940594059405,1.98019801980198,1,1,1,0,0,0,0,0,0,0,2.71308e-06,0,0.0006224394922340337
2022-11-07,506,begin,26096,2439,0.0,6.0606060606060606,26.262626262626267,36.36363636363637,23.232323232323232,7.07070707070707,1.0101010101010102,1,0,0,0,1,0,0,1,0,0,7.206562e-05,0,-0.003127405376200487
2022-11-08,507,spell,27213,2531,0.0,4.040404040404041,24.24242424242424,37.37373737373738,24.24242424242424,9.090909090909092,1.0101010101010102,1,0,0,0,0,0,0,0,0,0,1.427038e-05,1,-0.003953776002371345
2022-11-09,508,rainy,28984,2678,0.99009900990099,15.84158415841584,37.62376237623762,30.69306930693069,10.891089108910892,2.9702970297029703,0.99009900990099,0,0,1,0,1,0,0,1,0,0,3.362788e-06,0,-0.0040717824240468214
2022-11-10,509,unite,27467,2575,1.0,11.0,31.0,33.0,18.0,5.0,1.0,1,1,0,0,1,0,0,0,0,0,4.537944e-06,0,-0.0025903729156843275
2022-11-11,510,medal,25993,2438,0.0,5.0,25.0,38.0,23.0,8.0,1.0,1,0,1,0,0,0,0,0,0,0,4.47518999999999e-06,0,-0.0024495504847325544
2022-11-12,511,valet,24660,2356,0.0,4.040404040404041,22.22222222222222,38.38383838383838,25.252525252525253,9.090909090909092,1.0101010101010102,1,1,1,0,0,0,0,0,0,0,2.005048e-06,0,-0.0008367827127313543
2022-11-13,512,inane,25085,2515,0.0,8.0,25.0,30.0,21.0,13.0,3.0,1,0,1,0,1,0,0,1,0,1,4.62823e-07,1,0.004017577855716478
2022-11-14,513,maple,26536,2467,1.0101010101010102,6.0606060606060606,26.262626262626267,36.36363636363637,21.21212121212121,8.080808080808081,1.0101010101010102,1,0,1,0,0,0,0,0,0,0,4.425158e-06,0,-0.0035051259535598123
2022-11-15,514,snarl,27475,2650,0.0,5.0,21.0,31.0,24.0,15.0,4.0,0,0,1,0,0,0,0,0,0,0,1.491962e-06,0,-0.00039263968336594735
2022-11-16,515,baker,25576,2541,0.0,5.0,16.0,23.0,24.0,22.0,10.0,1,0,1,0,0,0,0,0,1,0,1.37642599999999e-05,0,0.003000202655554479
2022-11-17,516,there,27465,2530,0.0,14.000000000000002,35.0,33.0,14.000000000000002,4.0,0.0,2,1,0,0,0,1,1,0,1,0,0.001763988,1,-0.004105159420933424
2022-11-18,517,glyph,29208,2899,0.0,2.0,23.0,49.0,20.0,5.0,1.0,0,0,0,0,0,0,0,0,0,0,3.123652e-07,0,0.0031264311699405467
2022-11-19,518,avert,24749,2400,0.0,7.000000000000001,26.0,35.0,22.0,9.0,1.0,1,1,1,0,0,0,0,0,1,0,1.70371399999999e-06,0,0.0007143330694802802
2022-11-20,519,brave,24991,2396,0.99009900990099,5.9405940594059405,16.831683168316832,26.73267326732673,26.73267326732673,17.82178217821782,4.950495049504951,1,0,1,0,0,0,0,0,0,0,1.560208e-05,0,-0.00025019067231621395
2022-11-21,520,axiom,24288,2382,0.0,5.0,19.0,33.0,27.0,13.0,3.0,0,0,1,1,1,0,0,0,0,0,1.997544e-06,0,0.0017167888054079455
2022-11-22,521,prime,27437,2534,1.0,10.0,26.0,32.0,21.0,9.0,1.0,1,0,0,0,1,0,0,0,0,0,3.105188e-05,0,-0.0043700873034660664
2022-11-23,522,drive,26663,2451,1.0,12.0,32.0,30.0,18.0,6.0,1.0,1,0,0,0,1,0,0,0,0,0,6.78319e-05,0,-0.004308776015084517
2022-11-24,523,feast,27705,2725,4.950495049504951,12.871287128712872,24.752475247524757,26.73267326732673,18.81188118811881,9.9009900990099,1.98019801980198,1,1,1,0,0,0,0,0,0,0,1.1086804e-05,0,0.0022521332638950065
2022-11-25,524,itchy,24197,2329,0.0,8.0,28.000000000000004,40.0,18.0,5.0,1.0,0,1,0,0,1,0,0,0,0,0,8.96005999999999e-07,0,0.00024123910748097277
2022-11-26,525,clean,26381,2424,1.0,17.0,36.0,31.0,12.0,3.0,0.0,1,0,1,0,0,0,0,0,0,1,5.083136e-05,0,-0.004258135705892688
2022-11-27,526,happy,25206,2356,0.0,6.0606060606060606,28.28282828282828,39.39393939393939,19.19191919191919,6.0606060606060606,1.0101010101010102,0,0,1,0,0,0,0,0,0,0,9.546254e-05,1,-0.002538061079919232
2022-11-28,527,tepid,26051,2484,0.0,10.1010101010101,38.38383838383838,35.35353535353536,13.131313131313131,3.0303030303030303,0.0,1,1,0,0,1,0,0,0,0,0,6.916036e-07,0,-0.0008880720332846981
2022-11-29,528,undue,23739,2316,0.0,2.9702970297029703,18.81188118811881,34.65346534653465,28.71287128712871,12.871287128712872,1.98019801980198,1,0,0,0,0,0,0,0,0,0,3.022344e-06,1,0.0009506878292267068
2022-11-30,529,study,21934,2405,0.0,6.0,30.0,33.0,19.0,10.0,2.0,0,1,0,0,0,0,0,0,0,0,0.0002589493999999,0,0.013530043107997075
2022-12-01,530,eject,22628,2200,0.0,2.0,11.0,35.0,36.0,14.000000000000002,2.0,2,1,0,0,0,0,0,0,0,0,5.02315e-07,1,0.0012359491302078585
2022-12-02,531,chafe,24646,2343,0.0,6.0606060606060606,30.303030303030305,33.33333333333333,19.19191919191919,9.090909090909092,2.0202020202020203,1,0,1,0,0,0,0,0,0,0,3.585932e-07,0,-0.0008273901959309216
2022-12-03,532,torso,23873,2260,0.0,4.040404040404041,35.35353535353536,36.36363636363637,17.17171717171717,6.0606060606060606,1.0101010101010102,0,1,0,2,0,0,0,0,0,0,4.155722e-06,1,-0.0013579946066036297
2022-12-04,533,adore,25577,2398,1.98019801980198,16.831683168316832,31.683168316831683,28.71287128712871,14.85148514851485,4.950495049504951,0.99009900990099,1,0,1,1,0,0,0,0,0,0,2.045672e-06,0,-0.0021349252093780524
2022-12-05,534,woken,23153,2200,0.0,2.0,10.0,25.0,36.0,23.0,4.0,1,0,0,1,0,0,0,0,0,0,2.74156999999999e-06,0,-0.0011025786497054213
2022-12-06,535,amber,23509,2261,0.0,6.0,22.0,33.0,24.0,12.0,3.0,1,0,1,0,0,0,0,0,1,0,8.013106e-06,0,-0.0003175195169338313
2022-12-07,536,joust,24899,2388,0.0,6.0,29.0,34.0,21.0,8.0,2.0,0,1,0,1,0,0,0,0,0,0,2.180454e-07,0,-9.27782744016975e-05
2022-12-08,537,infer,21199,1863,0.0,3.061224489795918,19.387755102040817,33.6734693877551,26.53061224489796,14.285714285714285,3.061224489795918,1,0,0,0,1,0,0,1,1,0,4.191756e-06,0,-0.007990388774068283
2022-12-09,538,braid,23640,2165,0.0,10.20408163265306,36.734693877551024,35.714285714285715,14.285714285714285,3.061224489795918,0.0,0,0,1,0,1,0,0,0,0,0,2.083498e-06,0,-0.004194626748821317
2022-12-10,539,knock,21157,2041,0.0,3.0,18.0,43.0,27.0,8.0,1.0,0,0,0,1,0,0,0,0,0,0,1.489196e-05,1,0.000560478574966175
2022-12-11,540,naive,21947,2075,1.0,7.000000000000001,24.0,32.0,24.0,11.0,1.0,1,0,1,0,1,0,0,0,0,0,3.747224e-06,0,-0.001228246960816498
2022-12-12,541,apply,22873,2150,0.0,4.950495049504951,27.72277227722773,37.62376237623762,21.782178217821784,6.930693069306932,0.99009900990099,0,0,1,0,0,0,0,0,0,0,5.697018e-05,1,-0.0020085374176054965
2022-12-13,542,spoke,24101,2224,0.0,6.0606060606060606,31.313131313131315,38.38383838383838,19.19191919191919,5.05050505050505,0.0,1,0,0,1,0,0,0,0,0,0,7.67222e-05,0,-0.004098287796383188
2022-12-14,543,usual,20824,2048,0.0,3.0,20.0,39.0,27.0,10.0,1.0,0,0,1,0,0,0,0,0,0,0,4.76482e-05,1,0.002464651135193799
2022-12-15,544,rival,22176,2127,0.0,7.000000000000001,27.0,35.0,22.0,8.0,1.0,0,0,1,0,1,0,0,0,0,0,9.911916e-06,0,0.00015944518795886486
2022-12-16,545,probe,22853,2160,0.0,6.0,24.0,32.0,24.0,11.0,3.0,1,0,0,1,0,0,0,0,0,0,8.528416e-06,0,-0.0011427241745404632
2022-12-17,546,chord,22336,2088,0.0,7.000000000000001,39.0,38.0,13.0,3.0,0.0,0,0,0,1,0,0,0,0,0,0,3.783996e-06,0,-0.0023105640997287263
2022-12-18,547,taper,22166,2108,0.0,8.0,28.000000000000004,30.0,20.0,11.0,3.0,1,1,1,0,0,0,0,0,1,0,1.402426e-06,0,-0.0005567584000104181
2022-12-19,548,slate,26010,2422,6.0606060606060606,14.14141414141414,33.33333333333333,27.27272727272727,13.131313131313131,5.05050505050505,1.0101010101010102,1,1,1,0,0,0,0,0,0,0,3.560934e-06,0,-0.0027709596297152556
2022-12-20,549,third,24137,2261,0.99009900990099,9.9009900990099,46.53465346534654,31.683168316831683,8.91089108910891,1.98019801980198,0.0,0,1,0,0,1,1,0,0,0,0,0.0001554121999999,0,-0.002586167729313596
2022-12-21,550,lunar,22180,2036,0.0,5.1020408163265305,32.6530612244898,40.81632653061224,17.346938775510203,4.081632653061225,0.0,0,0,1,0,0,0,0,0,0,0,3.32373599999999e-06,0,-0.0039721637757910155
2022-12-22,551,excel,20490,2034,0.0,1.0101010101010102,13.131313131313131,34.34343434343434,34.34343434343434,15.151515151515152,2.0202020202020203,2,0,0,0,0,0,0,0,0,0,6.291032e-06,1,0.003629714243833515
2022-12-23,552,aorta,21937,2112,0.0,6.930693069306932,25.742574257425744,34.65346534653465,19.8019801980198,9.9009900990099,2.9702970297029703,0,1,2,1,0,0,0,0,0,0,2.842526e-06,1,0.0007326788288912339
2022-12-24,553,poise,20281,1911,1.98019801980198,10.891089108910892,33.663366336633665,31.683168316831683,14.85148514851485,5.9405940594059405,0.99009900990099,1,0,0,1,1,0,0,0,0,0,1.100621e-06,0,-0.0014489808436086438
2022-12-25,554,extra,15554,1562,1.0,5.0,20.0,35.0,28.000000000000004,10.0,1.0,1,1,1,0,0,0,0,0,0,0,3.939072e-05,0,0.004883800859676976
2022-12-26,555,judge,20011,2043,0.0,2.0202020202020203,8.080808080808081,16.161616161616163,26.262626262626267,33.33333333333333,14.14141414141414,1,0,0,0,0,0,0,0,0,0,5.186556e-05,0,0.006321692869383028
2022-12-27,556,condo,20879,2012,0.0,2.0,17.0,35.0,29.0,14.000000000000002,3.0,0,0,0,2,0,0,0,0,0,0,1.960344e-06,1,0.00022182321526130477
2022-12-28,557,impel,20160,1937,0.0,3.0303030303030303,21.21212121212121,40.4040404040404,25.252525252525253,9.090909090909092,1.0101010101010102,1,0,0,0,1,0,0,0,0,0,2.76137e-07,0,0.0004316116947865323
2022-12-29,558,havoc,20001,1919,0.0,2.0,16.0,38.0,30.0,12.0,2.0,0,0,1,1,0,0,0,0,0,0,2.419932e-06,0,0.00042381704741170645
2022-12-30,559,molar,21204,1973,0.0,4.040404040404041,21.21212121212121,38.38383838383838,26.262626262626267,9.090909090909092,1.0101010101010102,0,0,1,1,0,0,0,0,0,0,3.081168e-06,0,-0.002377702701884074
2022-12-31,560,manly,20380,1899,0.0,2.0202020202020203,17.17171717171717,37.37373737373738,29.29292929292929,12.12121212121212,2.0202020202020203,0,0,1,0,0,0,0,0,0,1,3.115676e-06,0,-0.0023786803425958347
