Date,Contest number,Word,Number of  reported results,Number in hard mode,1 try,2 tries,3 tries,4 tries,5 tries,6 tries,7 or more tries (X),letter_freq_score,letter_dup,word_freq_score,word_sim,bigram_freq_score
2022-01-07,202,slump,80630,1362,1.0,3.0,23.0,39.0,24.0,9.0,1.0,0.3810612797920201,0.0,0.37856421250986916,0.2608695652173913,0.4112944239741618
2022-01-08,203,crank,101503,1763,1.0,5.0,23.0,31.0,24.0,14.000000000000002,2.0,0.5089259930381562,0.0,0.4308130072584977,0.5217391304347826,0.5943320686980136
2022-01-09,204,gorge,91477,1913,1.0,3.0,13.0,27.0,30.0,22.0,4.0,0.6824742203083691,1.0,0.3868982488784207,0.21739130434782608,0.5707205272451552
2022-01-10,205,query,107134,2242,1.0,4.0,16.0,30.0,30.0,17.0,2.0,0.13790666880761604,0.0,0.43727447789812435,0.043478260869565216,0.5968058610764264
2022-01-11,206,drink,153880,3017,0.9900990099009901,8.91089108910891,34.65346534653465,33.663366336633665,15.841584158415841,4.9504950495049505,0.9900990099009901,0.4988683857979783,0.0,0.7007243139882052,0.17391304347826086,0.5798200261503399
2022-01-12,207,favor,137586,3073,1.0,4.0,15.0,26.0,28.999999999999996,21.0,4.0,0.4382509404548296,0.0,0.6337735834890114,0.08695652173913043,0.53380881290567
2022-01-13,208,abbey,132726,3345,1.0101010101010102,2.0202020202020203,13.131313131313133,29.292929292929294,31.313131313131315,20.2020202020202,3.0303030303030303,0.39733414834876735,1.0,0.48743159898116106,0.13043478260869565,0.40230626597401953
2022-01-14,209,tangy,169484,3985,1.0,4.0,21.0,30.0,24.0,15.0,5.0,0.5218707575134505,0.0,0.22807757190478406,0.43478260869565216,0.638758364310815
2022-01-15,210,panic,205880,4655,0.9900990099009901,8.91089108910891,34.65346534653465,33.663366336633665,15.841584158415841,4.9504950495049505,0.9900990099009901,0.5014346401967629,0.0,0.566890778634955,0.08695652173913043,0.7253086086624347
2022-01-16,211,solar,209609,4955,1.0,9.0,32.0,32.0,18.0,7.000000000000001,1.0,0.8084179806688081,0.0,0.6234007853537713,0.5217391304347826,0.6952609155693525
2022-01-17,212,shire,222197,5640,0.9900990099009901,7.920792079207921,31.683168316831683,31.683168316831683,17.82178217821782,7.920792079207921,1.9801980198019802,0.8730650580131138,0.0,0.40157305504792884,0.5652173913043478,0.7214185446761419
2022-01-18,213,proxy,220950,6206,0.9900990099009901,1.9801980198019802,10.891089108910892,23.762376237623762,30.693069306930692,25.742574257425744,5.9405940594059405,0.0,0.0,0.455996104960789,0.08695652173913043,0.2781716224826609
2022-01-19,214,point,280622,7094,1.0101010101010102,16.161616161616163,37.37373737373738,28.28282828282828,12.121212121212121,4.040404040404041,1.0101010101010102,0.6113984920144591,0.0,0.8347168092676814,0.2608695652173913,0.6939951033901681
2022-01-20,215,robot,243964,6589,0.9900990099009901,7.920792079207921,28.71287128712871,33.663366336633665,19.801980198019802,7.920792079207921,0.9900990099009901,0.6900803182997692,1.0,0.5628068074108274,0.0,0.5674974308092353
2022-01-21,216,prick,273727,7409,1.0101010101010102,8.080808080808081,30.303030303030305,33.33333333333333,19.19191919191919,7.07070707070707,1.0101010101010102,0.3547737072568933,0.0,0.42878142557333887,0.34782608695652173,0.6430287004960049
2022-01-22,217,wince,241489,6850,0.9900990099009901,2.9702970297029703,16.831683168316832,32.67326732673268,28.71287128712871,14.85148514851485,2.9702970297029703,0.617187066448627,0.0,0.2216161012651574,0.2608695652173913,0.7489466880053315
2022-01-23,218,crimp,269929,7630,1.0,5.0,28.000000000000004,38.0,20.0,7.000000000000001,1.0,0.3989527453043191,0.0,0.2216161012651574,0.30434782608695654,0.5826194853344275
2022-01-24,219,knoll,258038,8317,1.0,1.0,11.0,28.999999999999996,33.0,21.0,4.0,0.5054219133656328,1.0,0.28233050200152454,0.043478260869565216,0.5583563861933905
2022-01-25,220,sugar,276404,8708,1.0101010101010102,6.0606060606060606,25.252525252525253,34.34343434343434,23.232323232323232,9.090909090909092,1.0101010101010102,0.6515368445007967,0.0,0.6548087333748012,0.08695652173913043,0.5695973930560174
2022-01-26,221,whack,302348,10163,1.0,4.0,22.0,37.0,24.0,10.0,2.0,0.39507663693384876,0.0,0.393190590257831,0.17391304347826086,0.6220026332397866
2022-01-27,222,mount,331844,11451,1.0101010101010102,9.090909090909092,29.292929292929294,33.33333333333333,19.19191919191919,7.07070707070707,1.0101010101010102,0.5618113263465481,0.0,0.6107699610412691,0.21739130434782608,0.7138022481436095
2022-01-28,223,perky,296968,11148,1.0,4.0,17.0,30.0,27.0,17.0,4.0,0.363752554858904,0.0,0.2928023137009752,0.4782608695652174,0.4512405444516827
2022-01-29,224,could,313220,11592,0.9900990099009901,6.9306930693069315,28.71287128712871,34.65346534653465,19.801980198019802,7.920792079207921,0.9900990099009901,0.5133385687903755,0.0,0.9435762613202177,0.21739130434782608,0.6799789856597465
2022-01-30,225,wrung,294687,11524,0.0,2.0,18.0,39.0,27.0,12.0,2.0,0.4771746672642667,0.0,0.16936730651652887,0.17391304347826086,0.4985087506053225
2022-01-31,226,light,341314,13347,1.0101010101010102,10.1010101010101,25.252525252525253,27.27272727272727,19.19191919191919,12.121212121212121,5.05050505050505,0.6543973845104867,0.0,0.7908030940066595,0.6521739130434783,0.5551285811159716
2022-02-01,227,those,351663,13606,1.0,13.0,34.0,30.0,15.0,6.0,1.0,0.8966644353629405,0.0,0.9099212199815456,0.17391304347826086,0.7801069313691085
2022-02-02,228,moist,361908,14205,2.9702970297029703,12.871287128712872,31.683168316831683,28.71287128712871,15.841584158415841,6.9306930693069315,0.9900990099009901,0.6797548483211631,0.0,0.44767462740844044,0.34782608695652173,0.653506175993265
2022-02-03,229,shard,358176,14609,0.9900990099009901,6.9306930693069315,21.782178217821784,27.722772277227726,24.752475247524753,13.861386138613863,3.9603960396039604,0.7445121251310447,0.0,0.3032877429377434,0.3913043478260869,0.6792038581885929
2022-02-04,230,pleat,359679,14813,1.0,10.0,28.000000000000004,31.0,19.0,9.0,2.0,0.7128402687236193,0.0,0.13390763931408656,0.21739130434782608,0.7440303156028674
2022-02-05,231,aloft,319698,13708,0.9900990099009901,3.9603960396039604,21.782178217821784,35.64356435643564,24.752475247524753,10.891089108910892,1.9801980198019802,0.6280986443923313,0.0,0.319852214623604,0.043478260869565216,0.6602982981063943
2022-02-06,232,skill,311018,13716,1.0,3.0,17.0,33.0,27.0,16.0,3.0,0.5386560583365316,1.0,0.6003380921692586,0.30434782608695654,0.4772386325504496
2022-02-07,233,elder,288228,13340,1.0,3.0,13.0,24.0,30.0,24.0,5.0,0.8564822923712001,1.0,0.5251824493335371,0.21739130434782608,0.7410265465427384
2022-02-08,234,frame,336236,15369,1.0101010101010102,10.1010101010101,20.2020202020202,24.242424242424242,24.242424242424242,17.17171717171717,3.0303030303030303,0.5810012248821799,0.0,0.6337735834890114,0.30434782608695654,0.6504558320619576
2022-02-09,235,humor,305372,13846,1.0,5.0,22.0,34.0,25.0,11.0,2.0,0.5722736493460041,0.0,0.5523014513007669,0.08695652173913043,0.5515827142563947
2022-02-10,236,pause,304830,13480,1.0,8.0,26.0,32.0,21.0,10.0,2.0,0.648540170615947,0.0,0.5124846489310837,0.21739130434782608,0.6159068745329459
2022-02-11,237,ulcer,278826,10631,1.0,4.0,18.0,30.0,28.000000000000004,16.0,3.0,0.6833436181105148,0.0,0.3094347383158855,0.0,0.5622714310771344
2022-02-12,238,ultra,269885,9310,1.0,7.000000000000001,23.0,34.0,24.0,10.0,1.0,0.7392548130462295,0.0,0.5606938502729212,0.0,0.6028163869148266
2022-02-13,239,robin,277471,3249,1.0,6.0,28.999999999999996,34.0,21.0,8.0,1.0,0.6110224009077327,0.0,0.5816061880133193,0.13043478260869565,0.6213309501229678
2022-02-14,240,cynic,261521,10343,1.0,6.0,25.0,33.0,22.0,11.0,2.0,0.3906448290872109,1.0,0.26358897284416805,0.043478260869565216,0.37950827929063413
2022-02-15,241,aroma,287836,10343,1.0,6.0,25.0,33.0,22.0,11.0,2.0,0.6965007787397437,1.0,0.351496944279581,0.17391304347826086,0.747846700864462
2022-02-16,242,caulk,289721,10740,1.0,4.0,20.0,31.0,26.0,15.0,3.0,0.410623308693439,0.0,0.1547651802724228,0.17391304347826086,0.438610664568857
2022-02-17,243,shake,342003,12767,1.0,6.0,16.0,23.0,24.0,21.0,9.0,0.6890664977281298,0.0,0.5816061880133193,0.5652173913043478,0.571093812228606
2022-02-18,244,dodge,265238,10220,0.9900990099009901,2.9702970297029703,14.85148514851485,28.71287128712871,26.732673267326735,18.81188118811881,6.9306930693069315,0.6143054838867659,1.0,0.49782612969918727,0.2608695652173913,0.4389024488114752
2022-02-19,245,swill,282327,11241,1.0,1.0,8.0,19.0,31.0,30.0,10.0,0.6147862805729802,1.0,0.16106444946409448,0.34782608695652173,0.5176165996473396
2022-02-20,246,tacit,273306,11094,0.9900990099009901,3.9603960396039604,20.792079207920793,31.683168316831683,25.742574257425744,13.861386138613863,2.9702970297029703,0.7585212608370442,1.0,0.2907397265495746,0.043478260869565216,0.6906482090491184
2022-02-21,247,other,278731,10887,1.0101010101010102,9.090909090909092,26.262626262626267,30.303030303030305,21.21212121212121,10.1010101010101,2.0202020202020203,0.903750048914252,0.0,0.9646361477116475,0.17391304347826086,0.9297818418325314
2022-02-22,248,thorn,306356,11814,1.0101010101010102,14.14141414141414,38.38383838383838,30.303030303030305,12.121212121212121,4.040404040404041,0.0,0.7912567208129646,0.0,0.403703710259701,0.13043478260869565,0.7664972209283136
2022-02-23,249,trove,277576,11411,0.9900990099009901,4.9504950495049505,15.841584158415841,23.762376237623762,24.752475247524753,21.782178217821784,7.920792079207921,0.7063948941893075,0.0,0.3119469646036006,0.34782608695652173,0.6661372754242252
2022-02-24,250,bloke,250674,10405,1.0101010101010102,6.0606060606060606,21.21212121212121,32.323232323232325,25.252525252525253,12.121212121212121,2.0202020202020203,0.4937965250817986,0.0,0.41839381198668035,0.13043478260869565,0.48977327021913153
2022-02-25,251,vivid,255907,11687,1.0,2.0,10.0,28.999999999999996,33.0,21.0,4.0,0.2637609100614702,1.0,0.46013026046563765,0.08695652173913043,0.5683827241393993
2022-02-26,252,spill,248363,10087,1.0,5.0,26.0,34.0,22.0,10.0,2.0,0.5628516665681529,1.0,0.4790353386042461,0.43478260869565216,0.5657584910579243
2022-02-27,253,chant,250413,10438,1.0,9.0,33.0,33.0,16.0,7.000000000000001,1.0,0.6897534648250951,0.0,0.42878142557333887,0.2608695652173913,0.8240788317196643
2022-02-28,254,choke,251094,10521,1.0,8.0,30.0,36.0,18.0,6.0,1.0,0.5751185445614613,0.0,0.45394284103258875,0.2608695652173913,0.5468921098699346
2022-03-01,255,rupee,240137,10577,1.0,2.0,17.0,35.0,30.0,13.0,2.0,0.7194435964142951,1.0,0.3119469646036006,0.0,0.5353827583173145
2022-03-02,256,nasty,257304,10813,1.0101010101010102,7.07070707070707,26.262626262626267,31.313131313131315,21.21212121212121,11.11111111111111,2.0202020202020203,0.6394605709566308,0.0,0.558530579933173,0.2608695652173913,0.6889215746004953
2022-03-03,257,mourn,240018,10465,1.0,8.0,28.999999999999996,34.0,19.0,8.0,1.0,0.5533507305167213,0.0,0.393190590257831,0.08695652173913043,0.637816064790846
2022-03-04,258,ahead,203730,9396,0.9900990099009901,4.9504950495049505,19.801980198019802,34.65346534653465,25.742574257425744,11.881188118811881,1.9801980198019802,0.8018495025534738,1.0,0.7234806842480285,0.08695652173913043,0.5949098093544891
2022-03-05,259,brine,229895,10405,0.9900990099009901,8.91089108910891,24.752475247524753,28.71287128712871,21.782178217821784,11.881188118811881,2.9702970297029703,0.6846053685198243,0.0,0.3175520142475301,0.5217391304347826,0.7199979904072156
2022-03-06,260,cloth,218595,9911,0.9900990099009901,7.920792079207921,32.67326732673268,33.663366336633665,16.831683168316832,6.9306930693069315,0.9900990099009901,0.6829431816720537,0.0,0.5186316443092258,0.13043478260869565,0.6999101453994441
2022-03-07,261,hoard,218595,9823,0.9900990099009901,8.91089108910891,29.7029702970297,33.663366336633665,18.81188118811881,6.9306930693069315,0.9900990099009901,0.7350495591293413,0.0,0.351496944279581,0.2608695652173913,0.5641859565103879
2022-03-08,262,sweet,207473,9767,1.0,5.0,18.0,31.0,28.000000000000004,15.0,2.0,0.8740107492543685,1.0,0.702872775243154,0.5217391304347826,0.4928897291687817
2022-03-09,263,month,201799,9435,1.0,5.0,26.0,37.0,22.0,8.0,1.0,0.6265332616903521,0.0,0.7740686446062899,0.13043478260869565,0.8559551525537432
2022-03-10,264,lapse,208884,9960,0.0,8.0,31.0,34.0,19.0,7.000000000000001,1.0,0.6972940593424817,0.0,0.4057855408986204,0.043478260869565216,0.5621643537913479
2022-03-11,265,watch,226349,12400,1.0,6.0,14.000000000000002,18.0,17.0,24.0,20.0,0.6124397299337145,0.0,0.7929014104126183,0.43478260869565216,0.5865232127889572
2022-03-12,266,today,192049,9353,1.0,7.000000000000001,28.999999999999996,35.0,20.0,7.000000000000001,1.0,0.58903446328909,0.0,0.836787623973361,0.08695652173913043,0.5722125407990073
2022-03-13,267,focus,179436,8937,1.0101010101010102,4.040404040404041,23.232323232323232,36.36363636363637,24.242424242424242,10.1010101010101,1.0101010101010102,0.4593131591196933,0.0,0.7216815549244242,0.21739130434782608,0.5668985864895464
2022-03-14,268,smelt,185406,9373,0.0,5.0,19.0,33.0,28.000000000000004,13.0,2.0,0.7325211091760728,0.0,0.30117371693399786,0.21739130434782608,0.5389723161481359
2022-03-15,269,tease,202855,10024,0.9803921568627451,15.686274509803921,31.372549019607842,29.411764705882355,15.686274509803921,5.88235294117647,0.9803921568627451,1.0,1.0,0.42670337422708626,0.4782608695652174,0.7981175286159892
2022-03-16,270,cater,217856,11234,0.9900990099009901,6.9306930693069315,18.81188118811881,21.782178217821784,18.81188118811881,17.82178217821782,14.85148514851485,0.8387824141393094,0.0,0.41839381198668035,0.8695652173913043,0.8508160752835976
2022-03-17,271,movie,169071,8847,1.0101010101010102,5.05050505050505,18.181818181818183,30.303030303030305,26.262626262626267,16.161616161616163,3.0303030303030303,0.5015238781638536,0.0,0.7554392417183072,0.2608695652173913,0.5686993758294752
2022-03-18,272,saute,179830,9304,1.0,8.0,31.0,34.0,19.0,6.0,1.0,0.8417076553841916,0.0,0.19019432402021774,0.2608695652173913,0.6035365714900673
2022-03-19,273,allow,156311,8515,0.0,4.9504950495049505,20.792079207920793,31.683168316831683,25.742574257425744,13.861386138613863,2.9702970297029703,0.6302276514563323,1.0,0.7234806842480285,0.21739130434782608,0.6938966191928961
2022-03-20,274,renew,154987,8417,0.0,4.040404040404041,20.2020202020202,33.33333333333333,27.27272727272727,13.131313131313133,2.0202020202020203,0.8171772269336433,1.0,0.455996104960789,0.08695652173913043,0.7428656703454002
2022-03-21,275,their,173636,9200,2.0202020202020203,14.14141414141414,36.36363636363637,30.303030303030305,13.131313131313133,4.040404040404041,0.0,0.8886112673942519,0.0,1.0,0.08695652173913043,0.795011871687548
2022-03-22,276,slosh,160161,8807,0.0,2.0202020202020203,19.19191919191919,36.36363636363637,27.27272727272727,13.131313131313133,2.0202020202020203,0.7715797700925293,1.0,0.11508804443586218,0.30434782608695654,0.5125436149841351
2022-03-23,277,purge,156785,8555,0.9900990099009901,3.9603960396039604,21.782178217821784,34.65346534653465,25.742574257425744,10.891089108910892,1.9801980198019802,0.5377333813607263,0.0,0.42264356069738085,0.30434782608695654,0.5173632906901324
2022-03-24,278,chest,169066,9318,0.9900990099009901,13.861386138613863,34.65346534653465,30.693069306930692,13.861386138613863,4.9504950495049505,0.9900990099009901,0.8019442035630304,0.0,0.6212310568776894,0.21739130434782608,0.8641680309957
2022-03-25,279,depot,150197,8562,0.0,5.1020408163265305,29.591836734693878,36.734693877551024,20.408163265306122,7.142857142857142,1.0204081632653061,0.659156699480713,0.0,0.5019992196943155,0.08695652173913043,0.6282078982024122
2022-03-26,280,epoxy,149507,9376,0.0,2.0,13.0,31.0,33.0,18.0,3.0,0.05703478805907691,0.0,0.32428495042920247,0.0,0.19413778597954456
2022-03-27,281,nymph,165468,9935,0.9900990099009901,1.9801980198019802,17.82178217821782,43.56435643564357,25.742574257425744,8.91089108910891,0.9900990099009901,0.2589026435921169,0.0,0.27605411483035036,0.043478260869565216,0.33469905959819046
2022-03-28,282,found,173696,10613,0.9900990099009901,5.9405940594059405,16.831683168316832,21.782178217821784,19.801980198019802,20.792079207920793,13.861386138613863,0.42578656227367206,0.0,0.8640056393681415,0.3913043478260869,0.7447285448963501
2022-03-29,283,shall,149070,8494,0.0,3.0303030303030303,17.17171717171717,30.303030303030305,28.28282828282828,17.17171717171717,4.040404040404041,0.7359268711786993,1.0,0.727828550302566,0.5217391304347826,0.7343157408173977
2022-03-30,284,stove,158139,9318,0.0,5.05050505050505,16.161616161616163,24.242424242424242,27.27272727272727,21.21212121212121,6.0606060606060606,0.6993092806379961,0.0,0.45184209861127855,0.43478260869565216,0.7281151165478748
2022-03-31,285,lowly,135219,8469,0.0,1.9801980198019802,8.91089108910891,25.742574257425744,31.683168316831683,23.762376237623762,7.920792079207921,0.4459993627612868,1.0,0.35966901699328724,0.17391304347826086,0.4698871291537148
2022-04-01,286,snout,144648,8913,1.0,4.0,19.0,27.0,26.0,18.0,5.0,0.7194491719178495,0.0,0.319852214623604,0.34782608695652173,0.4991199422841013
2022-04-02,287,trope,155079,9315,1.0,16.0,33.0,28.000000000000004,15.0,6.0,1.0,0.7555787811887607,0.0,0.32428495042920247,0.30434782608695654,0.6506043011669607
2022-04-03,288,fewer,124532,7931,0.0,2.0,10.0,24.0,32.0,26.0,6.0,0.6767702213182387,1.0,0.5772583219587817,0.2608695652173913,0.6269350658553745
2022-04-04,289,shawl,129651,7943,0.0,3.0303030303030303,16.161616161616163,31.313131313131315,30.303030303030305,16.161616161616163,3.0303030303030303,0.655658264075305,0.0,0.3389059670074872,0.2608695652173913,0.41435417091042703
2022-04-05,290,natal,121356,7702,0.0,2.0,14.000000000000002,32.0,32.0,17.0,3.0,0.7782708053727914,1.0,0.38904448400283664,0.34782608695652173,0.7581154308551121
2022-04-06,291,comma,117856,7560,0.0,1.9801980198019802,12.871287128712872,32.67326732673268,32.67326732673268,16.831683168316832,2.9702970297029703,0.42729193245216557,1.0,0.35966901699328724,0.17391304347826086,0.6339017763561547
2022-04-07,292,foray,117761,7575,0.0,1.9801980198019802,13.861386138613863,30.693069306930692,30.693069306930692,18.81188118811881,3.9603960396039604,0.48113040350969616,0.0,0.3119469646036006,0.21739130434782608,0.701060059362161
2022-04-08,293,scare,141158,9010,1.0,12.0,23.0,26.0,21.0,13.0,4.0,0.8232362047581714,0.0,0.5267489202408704,0.6521739130434783,0.7295447561846804
2022-04-09,294,stair,134210,8537,1.9801980198019802,20.792079207920793,35.64356435643564,25.742574257425744,10.891089108910892,3.9603960396039604,0.9900990099009901,0.8542434628088311,0.0,0.35769387264161456,0.17391304347826086,0.6760417765450861
2022-04-10,295,black,126241,7894,0.9900990099009901,9.900990099009901,30.693069306930692,33.663366336633665,17.82178217821782,5.9405940594059405,0.9900990099009901,0.335258481034852,0.0,0.8177850420002386,0.34782608695652173,0.5707420670602841
2022-04-11,296,squad,109828,7236,0.0,3.0303030303030303,20.2020202020202,33.33333333333333,27.27272727272727,14.14141414141414,2.0202020202020203,0.1615924741842254,0.0,0.6526980076490575,0.17391304347826086,0.33721666459979316
2022-04-12,297,royal,114907,7275,1.0101010101010102,5.05050505050505,24.242424242424242,36.36363636363637,23.232323232323232,9.090909090909092,1.0101010101010102,0.6244922813371145,0.0,0.6903089764312232,0.21739130434782608,0.44016124252607325
2022-04-13,298,chunk,123255,7835,1.0,4.0,28.999999999999996,42.0,18.0,5.0,1.0,0.37791583945645746,0.0,0.43727447789812435,0.21739130434782608,0.47383732281652735
2022-04-14,299,mince,113448,7356,0.0,6.0,24.0,35.0,24.0,10.0,1.0,0.5852358822596047,0.0,0.3077204787433421,0.30434782608695654,0.7408999791626649
2022-04-15,300,shame,129991,8522,1.0,11.0,22.0,25.0,21.0,15.0,5.0,0.7332455357755563,0.0,0.6275907179800208,0.3913043478260869,0.6843193364205375
2022-04-16,301,cheek,107987,7035,0.0,3.0,19.0,40.0,28.000000000000004,9.0,1.0,0.6487015121735529,1.0,0.504115692885625,0.2608695652173913,0.5985074405497826
2022-04-17,302,ample,106681,7008,0.0,4.040404040404041,20.2020202020202,35.35353535353536,27.27272727272727,11.11111111111111,2.0202020202020203,0.5396562137711802,0.0,0.45184209861127855,0.17391304347826086,0.6113475187854118
2022-04-18,303,flair,112383,7341,1.0,8.0,30.0,36.0,18.0,6.0,1.0,0.6044992670425047,0.0,0.41632299728100075,0.08695652173913043,0.5393314591397549
2022-04-19,304,foyer,108899,8198,0.0,2.0202020202020203,10.1010101010101,19.19191919191919,19.19191919191919,23.232323232323232,26.262626262626267,0.5449482157567327,0.0,0.322095614083852,0.30434782608695654,0.5383874268871618
2022-04-20,305,cargo,102007,6796,0.0,5.0,20.0,34.0,27.0,12.0,2.0,0.6320634237028993,0.0,0.5523014513007669,0.17391304347826086,0.5786791808200626
2022-04-21,306,oxide,97955,6960,0.0,1.9801980198019802,10.891089108910892,29.7029702970297,32.67326732673268,20.792079207920793,3.9603960396039604,0.304643947099438,0.0,0.44134017020723837,0.08695652173913043,0.39108092599925426
2022-04-22,307,plant,119232,7731,1.9801980198019802,18.81188118811881,38.613861386138616,27.722772277227726,9.900990099009901,2.9702970297029703,0.0,0.6003469406223321,0.0,0.698640967780205,0.34782608695652173,0.7563203801391363
2022-04-23,308,olive,95562,6482,1.0,6.0,25.0,34.0,23.0,10.0,1.0,0.6137436694562697,0.0,0.5312925200771923,0.17391304347826086,0.6747354656281366
2022-04-24,309,inert,97452,6743,0.0,7.000000000000001,27.0,34.0,22.0,9.0,1.0,0.8696883485649687,0.0,0.322095614083852,0.08695652173913043,0.8282913180713911
2022-04-25,310,askew,91548,6549,0.0,3.0,13.0,28.999999999999996,32.0,19.0,4.0,0.5928298440074662,0.0,0.24474593503924869,0.08695652173913043,0.47170349917960186
2022-04-26,311,heist,103153,6830,1.0,13.0,32.0,31.0,16.0,6.0,1.0,0.8815256538429406,0.0,0.38470008370434683,0.30434782608695654,0.7978947843920579
2022-04-27,312,shown,98967,6564,0.0,6.0606060606060606,26.262626262626267,36.36363636363637,22.22222222222222,8.080808080808081,1.0101010101010102,0.6429382364982363,0.0,0.7007243139882052,0.34782608695652173,0.5469573263705994
2022-04-28,313,zesty,88974,6315,0.0,2.0,12.0,27.0,30.0,22.0,7.000000000000001,0.19083703532426766,0.0,0.17984757800949636,0.2608695652173913,0.6148152732336745
2022-04-29,314,trash,106652,7001,2.0,19.0,34.0,27.0,13.0,4.0,1.0,0.8493948026689189,0.0,0.6003380921692586,0.13043478260869565,0.6939010495459264
2022-04-30,315,larva,77991,5749,0.0,2.0202020202020203,10.1010101010101,25.252525252525253,35.35353535353536,23.232323232323232,4.040404040404041,0.5913779736473035,1.0,0.30117371693399786,0.0,0.5626676874138297
2022-05-01,316,forgo,77658,5699,0.0,1.0101010101010102,9.090909090909092,26.262626262626267,37.37373737373738,23.232323232323232,3.0303030303030303,0.5377011340331541,1.0,0.30117371693399786,0.17391304347826086,0.5822824833144042
2022-05-02,317,story,95643,6530,1.0,10.0,23.0,28.999999999999996,24.0,11.0,2.0,0.6851539556337856,0.0,0.8158722753110949,0.21739130434782608,0.7656450376246897
2022-05-03,318,hairy,85817,5941,1.0,8.0,24.0,33.0,23.0,10.0,1.0,0.6253215464343838,0.0,0.47065140959545104,0.30434782608695654,0.6324771594779688
2022-05-04,319,train,107750,7243,6.0606060606060606,26.262626262626267,32.323232323232325,22.22222222222222,10.1010101010101,3.0303030303030303,0.0,0.8058705363179324,0.0,0.7133125988789655,0.30434782608695654,0.7443876830785272
2022-05-05,320,homer,85979,6313,0.0,3.0,16.0,26.0,24.0,19.0,12.0,0.7305659939618125,0.0,0.4894440617868647,0.43478260869565216,0.7761887772657512
2022-05-06,321,badge,76292,5482,0.0,4.040404040404041,20.2020202020202,35.35353535353536,26.262626262626267,12.121212121212121,2.0202020202020203,0.5438703367445508,0.0,0.5169173847366824,0.3913043478260869,0.45751217293663027
2022-05-07,322,midst,74458,5233,0.0,2.9702970297029703,24.752475247524753,38.613861386138616,23.762376237623762,8.91089108910891,0.9900990099009901,0.5998809461661299,0.0,0.4894440617868647,0.043478260869565216,0.6028313240619414
2022-05-08,323,canny,72518,5256,0.0,2.0,10.0,30.0,34.0,20.0,4.0,0.4713586372829808,1.0,0.2802471557935242,0.3913043478260869,0.5785887026982777
2022-05-09,324,shine,88932,6146,0.9900990099009901,13.861386138613863,31.683168316831683,29.7029702970297,16.831683168316832,5.9405940594059405,0.9900990099009901,0.817606517970904,0.0,0.5481028730008275,0.6086956521739131,0.7732136615165071
2022-05-10,325,gecko,74412,5489,0.0,2.0202020202020203,16.161616161616163,38.38383838383838,29.292929292929294,12.121212121212121,2.0202020202020203,0.4869787387798965,0.0,0.28447896325647326,0.08695652173913043,0.37978345312012385
2022-05-11,326,farce,79446,5688,0.0,9.183673469387756,26.53061224489796,32.6530612244898,21.428571428571427,9.183673469387756,1.0204081632653061,0.6344562726518681,0.0,0.37240928201997914,0.21739130434782608,0.6082194854865883
2022-05-12,327,slung,75673,5419,0.0,1.9801980198019802,15.841584158415841,36.633663366336634,30.693069306930692,12.871287128712872,1.9801980198019802,0.5503576608163498,0.0,0.27191516444454256,0.30434782608695654,0.5302963469398443
2022-05-13,328,tipsy,77585,5522,0.0,6.0,33.0,38.0,17.0,5.0,1.0,0.48530828517536717,0.0,0.27605411483035036,0.08695652173913043,0.4306922445561434
2022-05-14,329,metal,73225,5290,0.9803921568627451,9.803921568627452,30.392156862745097,33.33333333333333,17.647058823529413,6.862745098039216,0.9803921568627451,0.7328236985394248,0.0,0.6840682565467018,0.2608695652173913,0.7357820885606157
2022-05-15,330,yield,67115,4963,0.0,4.0,16.0,28.999999999999996,28.999999999999996,18.0,4.0,0.5767492303561033,0.0,0.5462423357249668,0.17391304347826086,0.49854721436456595
2022-05-16,331,delve,68349,5179,0.0,2.0202020202020203,14.14141414141414,32.323232323232325,33.33333333333333,16.161616161616163,2.0202020202020203,0.6225915164333287,1.0,0.3325500150260572,0.13043478260869565,0.5995745643589205
2022-05-17,332,being,70722,5142,0.0,4.0,22.0,37.0,26.0,10.0,1.0,0.5599299415253327,0.0,0.9203930316809962,0.17391304347826086,0.7486054142532059
2022-05-18,333,scour,73933,5544,0.0,8.0,34.0,35.0,17.0,5.0,1.0,0.6551787047773081,0.0,0.2969870759959061,0.21739130434782608,0.6780529287591599
2022-05-19,334,glass,70920,5162,0.0,4.0,19.0,33.0,27.0,14.000000000000002,3.0,0.6932051196760198,1.0,0.6903089764312232,0.2608695652173913,0.5978832353450287
2022-05-20,335,gamer,69884,5238,1.0,4.0,17.0,28.000000000000004,26.0,18.0,6.0,0.6521913435453028,0.0,0.43301828693316935,0.5217391304347826,0.686206276894493
2022-05-21,336,scrap,66814,4973,0.9900990099009901,8.91089108910891,27.722772277227726,33.663366336633665,19.801980198019802,7.920792079207921,0.9900990099009901,0.581494527760676,0.0,0.49152740799486505,0.43478260869565216,0.5364022901510022
2022-05-22,337,money,67909,4928,1.0,7.000000000000001,26.0,36.0,21.0,8.0,1.0,0.5206317622495247,0.0,0.8556682898848049,0.4782608695652174,0.6787902305937812
2022-05-23,338,hinge,66431,4906,0.0,5.0,25.0,37.0,22.0,9.0,2.0,0.7000167045277237,0.0,0.37026135545743455,0.3913043478260869,0.7987225712008681
2022-05-24,339,album,63380,4809,0.0,5.0,26.0,35.0,24.0,9.0,1.0,0.3894483738784724,0.0,0.7261142907300226,0.043478260869565216,0.3968568921125084
2022-05-25,340,vouch,62723,4835,0.0,2.0202020202020203,9.090909090909092,25.252525252525253,33.33333333333333,24.242424242424242,6.0606060606060606,0.39183792117782135,0.0,0.330553164053351,0.2608695652173913,0.5740586728647927
2022-05-26,341,asset,63188,4733,0.0,7.07070707070707,28.28282828282828,34.34343434343434,21.21212121212121,8.080808080808081,1.0101010101010102,0.9358795983896115,1.0,0.5606938502729212,0.17391304347826086,0.7196786394877033
2022-05-27,342,tiara,63846,4842,0.0,7.920792079207921,35.64356435643564,32.67326732673268,16.831683168316832,5.9405940594059405,0.9900990099009901,0.854546052172183,1.0,0.29910451014276473,0.043478260869565216,0.7557185766290337
2022-05-28,343,crept,60069,4562,0.0,4.040404040404041,27.27272727272727,38.38383838383838,22.22222222222222,7.07070707070707,1.0101010101010102,0.6608585493888504,0.0,0.33450391962032056,0.2608695652173913,0.5582980888862941
2022-05-29,344,bayou,56839,4435,0.0,6.0,17.0,33.0,28.999999999999996,13.0,2.0,0.3991160083952625,0.0,0.3325500150260572,0.0,0.5488148634891119
2022-05-30,345,atoll,60969,4741,0.0,6.0,28.000000000000004,36.0,21.0,8.0,1.0,0.7714605222197495,1.0,0.27191516444454256,0.0,0.7626351033149397
2022-05-31,346,manor,62768,4802,0.0,6.0,27.0,34.0,21.0,10.0,2.0,0.6478252628854928,0.0,0.47278587883750833,0.21739130434782608,0.7975504285263315
2022-06-01,347,creak,63241,4797,0.0,5.0,21.0,32.0,25.0,14.000000000000002,3.0,0.6214193211394434,0.0,0.20283724489100896,0.2608695652173913,0.6258223531445437
2022-06-02,348,showy,61278,4770,0.0,2.0,16.0,37.0,30.0,13.0,2.0,0.5073854636574415,0.0,0.25941604811259666,0.17391304347826086,0.37634645373534914
2022-06-03,349,peach,65431,4957,1.0,13.0,38.0,32.0,13.0,3.0,0.0,0.6090793081581376,0.0,0.4643934798653544,0.30434782608695654,0.6984879299746836
2022-06-04,350,froth,58263,4432,0.0,5.05050505050505,22.22222222222222,35.35353535353536,25.252525252525253,11.11111111111111,1.0101010101010102,0.6508497151975599,0.0,0.25093335447229737,0.21739130434782608,0.7483264904859639
2022-06-05,351,depth,56738,4329,0.0,6.0,28.000000000000004,39.0,20.0,6.0,1.0,0.6391692578208008,0.0,0.6275907179800208,0.08695652173913043,0.6701495898059959
2022-06-06,352,gloom,58478,4548,0.0,2.0,14.000000000000002,35.0,35.0,13.0,1.0,0.5163395527379597,1.0,0.3680614159654414,0.21739130434782608,0.5277267301009405
2022-06-07,353,flood,58991,4440,0.0,3.0,20.0,40.0,28.000000000000004,8.0,1.0,0.5134508114894016,1.0,0.583704504419278,0.08695652173913043,0.4807214054895206
2022-06-08,354,trait,61026,4607,0.0,6.0,22.0,35.0,24.0,11.0,2.0,0.8697896721899687,1.0,0.44767462740844044,0.34782608695652173,0.7065405025969214
2022-06-09,355,girth,60020,4665,0.0,6.0,23.0,33.0,23.0,12.0,3.0,0.7069010523406831,0.0,0.28657778993672345,0.34782608695652173,0.6808911177724171
2022-06-10,356,piety,55376,4324,0.0,4.0,25.0,41.0,22.0,7.000000000000001,1.0,0.5494286867857554,0.0,0.322095614083852,0.08695652173913043,0.5521894054303913
2022-06-11,357,goose,51958,4087,0.0,2.0,12.0,28.000000000000004,32.0,21.0,5.0,0.783515854198535,1.0,0.4790353386042461,0.3913043478260869,0.5779208426053546
2022-06-12,358,float,56684,4323,1.0,12.0,30.0,32.0,18.0,6.0,1.0,0.6280986443923309,0.0,0.49993663254291487,0.17391304347826086,0.5165832399745987
2022-06-13,359,donor,53802,4142,0.0,3.0303030303030303,27.27272727272727,38.38383838383838,23.232323232323232,7.07070707070707,1.0101010101010102,0.7063614849350031,1.0,0.49577469593006374,0.13043478260869565,0.737745916471257
2022-06-14,360,atone,59968,4762,2.0,16.0,34.0,28.999999999999996,14.000000000000002,4.0,1.0,0.8780441058970094,0.0,0.2739454849559968,0.2608695652173913,0.8484798124200057
2022-06-15,361,primo,55989,4391,0.0,3.0,22.0,38.0,25.0,10.0,2.0,0.49367297710422964,0.0,0.30117371693399786,0.30434782608695654,0.6559716646628
2022-06-16,362,apron,53430,4112,0.0,7.000000000000001,30.0,38.0,19.0,5.0,1.0,0.6278418330696873,0.0,0.37856421250986916,0.0,0.7148483806753911
2022-06-17,363,blown,54665,4251,0.0,5.9405940594059405,22.772277227722775,34.65346534653465,25.742574257425744,9.900990099009901,0.9900990099009901,0.45743341921696024,0.0,0.5563145417325519,0.2608695652173913,0.5211763955508197
2022-06-18,364,cacao,47205,4101,0.0,1.0,9.0,27.0,36.0,23.0,4.0,0.6386874151565072,1.0,0.2739454849559968,0.043478260869565216,0.4541593441222891
2022-06-19,365,loser,55359,4399,1.0,10.0,28.000000000000004,32.0,19.0,8.0,2.0,0.8722357929158449,0.0,0.5142837782546883,0.6086956521739131,0.742027161440086
2022-06-20,366,input,50484,3950,0.0,4.9504950495049505,29.7029702970297,37.62376237623762,20.792079207920793,5.9405940594059405,0.9900990099009901,0.5266891150107422,0.0,0.5857554506968894,0.043478260869565216,0.4559205295854185
2022-06-21,367,gloat,53342,4194,0.0,8.0,21.0,31.0,26.0,12.0,2.0,0.6992887630554543,0.0,0.22382138093982928,0.30434782608695654,0.5132518326084132
2022-06-22,368,awful,47645,3861,0.0,5.0,21.0,33.0,27.0,12.0,2.0,0.4021563966251973,0.0,0.6085881360068983,0.0,0.19779151214565216
2022-06-23,369,brink,53111,4118,0.0,4.040404040404041,22.22222222222222,41.41414141414141,24.242424242424242,7.07070707070707,1.0101010101010102,0.4186680832907079,0.0,0.410092179443305,0.4782608695652174,0.5928784917193304
2022-06-24,370,smite,50617,3991,0.0,5.9405940594059405,22.772277227722775,34.65346534653465,23.762376237623762,10.891089108910892,1.9801980198019802,0.7533378159332549,0.0,0.288629223705847,0.34782608695652173,0.6424377179868261
2022-06-25,371,beady,46089,3670,0.0,2.9702970297029703,18.81188118811881,38.613861386138616,28.71287128712871,9.900990099009901,0.9900990099009901,0.4775344508560373,0.0,0.1945068042663609,0.43478260869565216,0.5769267810083147
2022-06-26,372,rusty,50450,3954,0.0,9.090909090909092,37.37373737373738,34.34343434343434,13.131313131313133,5.05050505050505,1.0101010101010102,0.6004445786300692,0.0,0.4308130072584977,0.4782608695652174,0.6082831909305324
2022-06-27,373,retro,47986,3848,0.0,6.0606060606060606,24.242424242424242,35.35353535353536,24.242424242424242,9.090909090909092,1.0101010101010102,0.9402856701271787,1.0,0.455996104960789,0.13043478260869565,0.7469366122516576
2022-06-28,374,droll,47312,3844,0.0,2.0,16.0,31.0,31.0,17.0,3.0,0.6733608688698351,1.0,0.21537977150233067,0.30434782608695654,0.6051263921764831
2022-06-29,375,gawky,45645,3957,0.0,1.0101010101010102,5.05050505050505,22.22222222222222,33.33333333333333,28.28282828282828,10.1010101010101,0.22719392962220386,0.0,0.07528205726313275,0.21739130434782608,0.0
2022-06-30,376,hutch,44212,3758,0.0,1.0101010101010102,12.121212121212121,28.28282828282828,28.28282828282828,21.21212121212121,9.090909090909092,0.6142018512856069,1.0,0.3119469646036006,0.3913043478260869,0.44183450738843044
2022-07-01,377,pinto,47248,3792,0.0,5.0,25.0,41.0,22.0,6.0,1.0,0.6113984920144586,0.0,0.328511436289461,0.2608695652173913,0.7624011164034905
2022-07-02,378,egret,41765,3515,0.0,3.0,14.000000000000002,33.0,33.0,15.0,2.0,0.8891932107447791,1.0,0.16106444946409448,0.0,0.6207323073116355
2022-07-03,379,lilac,40486,3461,0.0,2.0202020202020203,17.17171717171717,38.38383838383838,29.292929292929294,12.121212121212121,1.0101010101010102,0.6365927335169983,1.0,0.3264227681670462,0.043478260869565216,0.6825928571701891
2022-07-04,380,sever,42645,3591,0.0,2.0202020202020203,13.131313131313133,27.27272727272727,29.292929292929294,21.21212121212121,7.07070707070707,0.7644316524202615,1.0,0.33450391962032056,0.5652173913043478,0.7727960498783921
2022-07-05,381,field,44578,3604,0.9900990099009901,5.9405940594059405,24.752475247524753,35.64356435643564,22.772277227722775,8.91089108910891,0.9900990099009901,0.5718949975814935,0.0,0.7720037134041678,0.2608695652173913,0.6107005469422622
2022-07-06,382,fluff,47344,4049,0.0,0.0,4.0,25.0,44.0,23.0,4.0,0.14998060443151795,1.0,0.34484619088225865,0.17391304347826086,0.29609215937361943
2022-07-07,383,agape,43407,3671,0.0,1.9801980198019802,17.82178217821782,35.64356435643564,26.732673267326735,14.85148514851485,2.9702970297029703,0.6254248895415382,1.0,0.23013315872779683,0.13043478260869565,0.5319865225066569
2022-07-08,384,voice,42806,3484,1.0,5.0,24.0,35.0,25.0,9.0,1.0,0.5549789259335416,0.0,0.7359458262342108,0.043478260869565216,0.5303035541912346
2022-07-09,385,stead,47094,3933,0.9900990099009901,5.9405940594059405,19.801980198019802,26.732673267326735,27.722772277227726,15.841584158415841,2.9702970297029703,0.8465431302328754,0.0,0.34310454530742684,0.43478260869565216,0.7619051962273198
2022-07-10,386,berth,41785,3494,0.0,7.000000000000001,24.0,35.0,24.0,9.0,1.0,0.7436758442519484,0.0,0.3951947831887539,0.13043478260869565,0.8379438974270852
2022-07-11,387,madam,40545,3430,0.0,2.9702970297029703,12.871287128712872,34.65346534653465,33.663366336633665,13.861386138613863,1.9801980198019802,0.45190341746209794,1.0,0.42670337422708626,0.043478260869565216,0.5865248428205576
2022-07-12,388,night,46910,3870,1.0,8.0,27.0,27.0,17.0,13.0,7.000000000000001,0.651442512298473,0.0,0.8492068192451783,0.6956521739130435,0.5252490323786838
2022-07-13,389,bland,46246,3727,0.0,7.142857142857142,31.63265306122449,38.775510204081634,18.367346938775512,4.081632653061225,0.0,0.5035487678075588,0.0,0.40782073458635204,0.3913043478260869,0.7632759068186146
2022-07-14,390,liver,40549,3388,0.0,4.040404040404041,16.161616161616163,26.262626262626267,25.252525252525253,20.2020202020202,8.080808080808081,0.6302918490092844,0.0,0.5499260725489479,1.0,0.7591453742677596
2022-07-15,391,wedge,39234,3353,0.0,1.9801980198019802,10.891089108910892,31.683168316831683,36.633663366336634,16.831683168316832,1.9801980198019802,0.6515382582733145,1.0,0.43301828693316935,0.34782608695652173,0.5583426835589713
2022-07-16,392,roomy,38769,3280,0.0,2.0,17.0,41.0,28.000000000000004,10.0,2.0,0.5025073346796429,1.0,0.2343041956623768,0.34782608695652173,0.5598380679906438
2022-07-17,393,wacky,39611,3345,0.0,3.0303030303030303,18.181818181818183,39.39393939393939,27.27272727272727,10.1010101010101,2.0202020202020203,0.24060094526377052,0.0,0.3639620862657631,0.34782608695652173,0.37564701435348136
2022-07-18,394,flock,42574,3548,0.0,4.0,22.0,37.0,27.0,9.0,1.0,0.30625016422749995,0.0,0.44767462740844044,0.30434782608695654,0.4443957273976733
2022-07-19,395,angry,39667,3358,0.0,5.05050505050505,27.27272727272727,38.38383838383838,21.21212121212121,7.07070707070707,1.0101010101010102,0.513410161683624,0.0,0.6505370762005785,0.043478260869565216,0.7007621445875158
2022-07-20,396,trite,42237,3685,0.0,4.0,14.000000000000002,22.0,22.0,23.0,15.0,0.9336074844370053,1.0,0.26145450360211053,0.3913043478260869,0.7749304842540767
2022-07-21,397,aphid,39086,3367,0.0,6.0,24.0,36.0,23.0,9.0,2.0,0.535203888670923,0.0,0.17550317771100654,0.08695652173913043,0.5508277213269825
2022-07-22,398,tryst,43099,3665,0.0,3.0,26.0,41.0,23.0,6.0,1.0,0.7101627310166267,1.0,0.2112215705471312,0.13043478260869565,0.5955469857665974
2022-07-23,399,midge,36769,3111,0.0,2.0202020202020203,18.181818181818183,39.39393939393939,28.28282828282828,10.1010101010101,2.0202020202020203,0.5308653249522002,0.0,0.2530109996361032,0.34782608695652173,0.4847815040197996
2022-07-24,400,power,39813,3401,2.0202020202020203,6.0606060606060606,19.19191919191919,29.292929292929294,24.242424242424242,15.151515151515152,4.040404040404041,0.6143459104253435,0.0,0.8304279628710298,0.6086956521739131,0.698620034144763
2022-07-25,401,elope,39228,3339,0.0,4.040404040404041,22.22222222222222,32.323232323232325,26.262626262626267,13.131313131313133,2.0202020202020203,0.7516493055878148,1.0,0.19862382859301175,0.13043478260869565,0.6304755740646457
2022-07-26,402,cinch,39171,3507,0.0,1.9801980198019802,14.85148514851485,23.762376237623762,21.782178217821784,24.752475247524753,12.871287128712872,0.5451205207572889,1.0,0.23013315872779683,0.30434782608695654,0.7307642826216205
2022-07-27,403,motto,38384,3285,0.0,1.0101010101010102,11.11111111111111,36.36363636363637,36.36363636363637,14.14141414141414,1.0101010101010102,0.7104398392223006,1.0,0.45394284103258875,0.2608695652173913,0.6396270920774243
2022-07-28,404,stomp,40650,3490,0.0,7.07070707070707,26.262626262626267,32.323232323232325,21.21212121212121,11.11111111111111,2.0202020202020203,0.5267349204557596,0.0,0.3556748326196093,0.30434782608695654,0.7223503088118428
2022-07-29,405,upset,37791,3213,0.0,5.0,30.0,38.0,20.0,6.0,1.0,0.6637837906337334,0.0,0.640009913251838,0.17391304347826086,0.530555070704994
2022-07-30,406,bluff,37353,3171,0.0,2.0,14.000000000000002,42.0,31.0,10.0,1.0,0.1692237658738147,1.0,0.42457667749567096,0.17391304347826086,0.35877294665100523
2022-07-31,407,cramp,39250,3369,1.0101010101010102,8.080808080808081,26.262626262626267,33.33333333333333,19.19191919191919,10.1010101010101,2.0202020202020203,0.42385668218937456,0.0,0.3119469646036006,0.34782608695652173,0.5743566661876058
2022-08-01,408,quart,36662,3303,0.0,5.0,20.0,33.0,27.0,13.0,2.0,0.27356076527341067,0.0,0.305086872261348,0.21739130434782608,0.5799097062506671
2022-08-02,409,coyly,34909,3380,0.0,0.0,4.040404040404041,17.17171717171717,28.28282828282828,35.35353535353536,15.151515151515152,0.32899558128914386,1.0,0.11065530863026352,0.17391304347826086,0.3952370378208392
2022-08-03,410,youth,38381,3327,0.9900990099009901,4.9504950495049505,16.831683168316832,30.693069306930692,28.71287128712871,14.85148514851485,2.9702970297029703,0.5544463914154389,0.0,0.6693271664589778,0.21739130434782608,0.7356156669573797
2022-08-04,411,rhyme,37229,3336,0.0,4.040404040404041,22.22222222222222,39.39393939393939,25.252525252525253,8.080808080808081,1.0101010101010102,0.5561028606318221,0.0,0.4204184765404715,0.21739130434782608,0.2708512328878334
2022-08-05,412,buggy,37350,3428,0.0,1.0,9.0,28.999999999999996,34.0,22.0,5.0,0.17309635814725288,1.0,0.37026135545743455,0.4782608695652174,0.27411564039016634
2022-08-06,413,alien,38841,3395,3.0303030303030303,17.17171717171717,31.313131313131315,29.292929292929294,15.151515151515152,4.040404040404041,0.0,0.8019410607169866,0.0,0.5731589922591034,0.043478260869565216,0.7700794339387671
2022-08-07,414,smear,36223,3190,0.0,2.0,16.0,39.0,28.999999999999996,12.0,2.0,0.7697811569884838,0.0,0.39939123001355803,0.21739130434782608,0.6576511830673799
2022-08-08,415,unfit,35516,3187,0.0,3.0,24.0,38.0,25.0,9.0,1.0,0.5155304582915459,0.0,0.41203415088434925,0.13043478260869565,0.5838218928954961
2022-08-09,416,patty,36223,3019,0.0,2.0202020202020203,16.161616161616163,39.39393939393939,29.292929292929294,12.121212121212121,1.0101010101010102,0.52575843144156,1.0,0.42457667749567096,0.6521739130434783,0.6225087072237758
2022-08-10,417,cling,37654,3312,0.0,4.0,20.0,34.0,27.0,13.0,2.0,0.5157454584984524,0.0,0.4057855408986204,0.4782608695652174,0.7423723157503628
2022-08-11,418,glean,37301,3243,0.0,6.0606060606060606,23.232323232323232,37.37373737373738,24.242424242424242,8.080808080808081,1.0101010101010102,0.7089525947955093,0.0,0.24679919896744873,0.08695652173913043,0.686332446700701
2022-08-12,419,label,34198,3076,0.0,4.0,18.0,32.0,28.999999999999996,15.0,2.0,0.659960509786697,1.0,0.6023874962511712,0.13043478260869565,0.656089560599256
2022-08-13,420,hunky,35276,3185,0.0,1.0101010101010102,11.11111111111111,33.33333333333333,25.252525252525253,22.22222222222222,7.07070707070707,0.2981729379263771,0.0,0.24474593503924869,0.43478260869565216,0.24806584789424635
2022-08-14,421,khaki,31652,2968,0.0,2.0,17.0,33.0,28.000000000000004,16.0,4.0,0.39852786497730985,1.0,0.3119469646036006,0.08695652173913043,0.3078004350908077
2022-08-15,422,poker,35376,3180,0.0,4.0,17.0,30.0,27.0,17.0,5.0,0.5382156881888949,0.0,0.5061839819892464,0.6521739130434783,0.5928075745850108
2022-08-16,423,gruel,35105,3087,0.0,3.0,19.0,39.0,28.999999999999996,9.0,1.0,0.6699366024689479,0.0,0.18599787719541339,0.13043478260869565,0.5125126099568473
2022-08-17,424,twice,35815,3173,0.9900990099009901,5.9405940594059405,27.722772277227726,37.62376237623762,20.792079207920793,5.9405940594059405,0.9900990099009901,0.6811062023206633,0.0,0.6882322445975865,0.17391304347826086,0.6085639409358365
2022-08-18,425,twang,34938,3172,0.0,2.9702970297029703,21.782178217821784,42.57425742574257,24.752475247524753,6.9306930693069315,0.9900990099009901,0.5801097954628649,0.0,0.2112215705471312,0.17391304347826086,0.6797471670972697
2022-08-19,426,shrug,33965,2987,0.0,4.0,23.0,36.0,26.0,10.0,1.0,0.6217842474758288,0.0,0.366262286641837,0.08695652173913043,0.4386034580618907
2022-08-20,427,treat,38245,3249,0.9900990099009901,21.782178217821784,31.683168316831683,25.742574257425744,13.861386138613863,4.9504950495049505,0.9900990099009901,0.9585114213220605,1.0,0.6693271664589778,0.17391304347826086,0.8070455526195581
2022-08-21,428,waste,35617,3186,1.0,7.000000000000001,19.0,27.0,24.0,17.0,5.0,0.810192937007332,0.0,0.6819827848308488,0.30434782608695654,0.7757103031256292
2022-08-22,429,merit,35888,3123,0.0,7.07070707070707,33.33333333333333,37.37373737373738,17.17171717171717,5.05050505050505,0.0,0.760423429484566,0.0,0.5290491206169443,0.08695652173913043,0.831371963023432
2022-08-23,430,woven,33549,2933,0.0,2.0202020202020203,13.131313131313133,32.323232323232325,32.323232323232325,17.17171717171717,3.0303030303030303,0.5097034833836802,0.0,0.4204184765404715,0.30434782608695654,0.6681575319752837
2022-08-24,431,needy,33700,2927,0.0,2.0,21.0,41.0,26.0,9.0,1.0,0.6625161072761816,1.0,0.42457667749567096,0.34782608695652173,0.6130510626680681
2022-08-25,432,clown,36737,3175,0.9900990099009901,7.920792079207921,28.71287128712871,35.64356435643564,19.801980198019802,5.9405940594059405,0.9900990099009901,0.5227873920793535,0.0,0.49782612969918727,0.17391304347826086,0.4991993848264831
2022-08-26,433,irony,34716,3046,0.0,6.0606060606060606,29.292929292929294,34.34343434343434,21.21212121212121,8.080808080808081,1.0101010101010102,0.5966334722400457,0.0,0.4831423909493371,0.17391304347826086,0.6591431776531125
2022-08-27,434,ruder,31241,2784,0.0,2.0,16.0,33.0,28.999999999999996,16.0,4.0,0.7506936155855886,1.0,0.12135625806001071,0.17391304347826086,0.6217498274946522
2022-08-28,435,gauze,30214,2866,0.0,1.9801980198019802,10.891089108910892,23.762376237623762,30.693069306930692,24.752475247524753,7.920792079207921,0.14775735818957525,0.0,0.2802471557935242,0.13043478260869565,0.16612738394896143
2022-08-29,436,chief,34281,3072,1.0,6.0,32.0,38.0,18.0,5.0,0.0,0.5730167145538858,0.0,0.7448165801537268,0.08695652173913043,0.6433462120323479
2022-08-30,437,onset,33660,3009,0.0,3.9603960396039604,28.71287128712871,39.603960396039604,20.792079207920793,5.9405940594059405,0.9900990099009901,0.8777415165336577,0.0,0.45394284103258875,0.13043478260869565,0.7652486567417944
2022-08-31,438,prize,35343,3166,0.0,5.0,12.0,20.0,32.0,26.0,5.0,0.1640795159173245,0.0,0.6359002802204264,0.34782608695652173,0.48405784489650605
2022-09-01,439,fungi,31903,2928,0.0,2.0202020202020203,18.181818181818183,41.41414141414141,28.28282828282828,9.090909090909092,1.0101010101010102,0.3823944354672273,0.0,0.403703710259701,0.17391304347826086,0.5624087202015322
2022-09-02,440,charm,35724,3149,0.9900990099009901,11.881188118811881,31.683168316831683,33.663366336633665,15.841584158415841,4.9504950495049505,0.9900990099009901,0.5720279499148662,0.0,0.5377083422828015,0.5217391304347826,0.7067278075532992
2022-09-03,441,gully,31191,2877,0.0,1.0,9.0,27.0,31.0,25.0,7.000000000000001,0.3693868336966699,1.0,0.3264227681670462,0.6521739130434783,0.5763289386876251
2022-09-04,442,inter,32018,2889,0.0,6.0606060606060606,25.252525252525253,36.36363636363637,23.232323232323232,8.080808080808081,1.0101010101010102,0.8696883485649687,0.0,0.5462423357249668,0.21739130434782608,0.9072584662276655
2022-09-05,443,whoop,32733,2970,0.0,0.9900990099009901,15.841584158415841,46.53465346534654,28.71287128712871,6.9306930693069315,0.9900990099009901,0.5042273216003248,1.0,0.34484619088225865,0.13043478260869565,0.58483598605708
2022-09-06,444,taunt,32734,3022,0.0,4.0,19.0,27.0,21.0,16.0,13.0,0.7447605366640426,1.0,0.2949187868922847,0.34782608695652173,0.6385678299617648
2022-09-07,445,leery,30992,2873,0.0,3.0303030303030303,17.17171717171717,37.37373737373738,28.28282828282828,12.121212121212121,2.0202020202020203,0.7618930611962427,1.0,0.21537977150233067,0.21739130434782608,0.7274034431171201
2022-09-08,446,class,31962,3001,0.0,4.040404040404041,21.21212121212121,32.323232323232325,22.22222222222222,13.131313131313133,7.07070707070707,0.7066121353175869,1.0,0.7969580244965498,0.6086956521739131,0.6419184192642651
2022-09-09,447,theme,32172,2909,0.0,8.080808080808081,29.292929292929294,40.4040404040404,18.181818181818183,4.040404040404041,0.0,0.8126095574037306,1.0,0.6422151929265099,0.30434782608695654,0.8750707507020441
2022-09-10,448,lofty,29237,2777,0.0,4.0,19.0,34.0,27.0,13.0,3.0,0.4438703556972854,0.0,0.3745075984259376,0.13043478260869565,0.5836305706998437
2022-09-11,449,tibia,27887,2675,0.0,1.0101010101010102,14.14141414141414,40.4040404040404,30.303030303030305,12.121212121212121,2.0202020202020203,0.6530197310718098,1.0,0.28233050200152454,0.0,0.5475632037328402
2022-09-12,450,booze,29147,2883,0.0,1.0,7.000000000000001,27.0,38.0,23.0,4.0,0.17075462260741014,1.0,0.4393300647211371,0.17391304347826086,0.23683205780891514
2022-09-13,451,alpha,29497,2706,0.0,3.0,19.0,40.0,28.000000000000004,9.0,1.0,0.6040262394338296,1.0,0.5648717386129495,0.043478260869565216,0.5081966251396479
2022-09-14,452,thyme,32142,2938,1.0101010101010102,5.05050505050505,24.242424242424242,41.41414141414141,23.232323232323232,5.05050505050505,0.0,0.5645634564616486,0.0,0.3175520142475301,0.21739130434782608,0.5383075031617177
2022-09-15,453,doubt,33344,3011,1.0101010101010102,12.121212121212121,32.323232323232325,34.34343434343434,16.161616161616163,4.040404040404041,0.0,0.5089488595880054,0.0,0.7007243139882052,0.0,0.410916847561817
2022-09-16,454,parer,37309,4130,0.0,0.0,4.0,11.0,15.0,22.0,48.0,0.7568833407239892,1.0,0.0,0.9565217391304348,0.8311304241294937
2022-09-17,455,chute,33418,3073,0.0,11.11111111111111,37.37373737373738,36.36363636363637,12.121212121212121,3.0303030303030303,0.0,0.7077722605576109,0.0,0.34310454530742684,0.13043478260869565,0.6294511388810702
2022-09-18,456,stick,33102,3038,1.0101010101010102,9.090909090909092,36.36363636363637,35.35353535353536,14.14141414141414,4.040404040404041,0.0,0.5408555784738265,0.0,0.6714048116227838,0.3913043478260869,0.7120953626083364
2022-09-19,457,trice,35050,3430,0.0,5.0,24.0,25.0,18.0,17.0,11.0,0.8138784772542542,0.0,0.17770134288508044,0.5652173913043478,0.7215592639254287
2022-09-20,458,alike,31277,2843,0.0,6.0,20.0,33.0,27.0,12.0,2.0,0.6484971035891571,0.0,0.5397500700466913,0.17391304347826086,0.56876393703272
2022-09-21,459,recap,31976,2900,0.0,5.0,30.0,35.0,21.0,8.0,1.0,0.6456149293710647,0.0,0.39747846332441417,0.13043478260869565,0.7030374444618936
2022-09-22,460,saint,34455,3119,1.0,14.000000000000002,35.0,28.999999999999996,15.0,5.0,1.0,0.7987849227666208,0.0,0.598241389996177,0.5217391304347826,0.7320650612374098
2022-09-23,461,glory,31509,2893,0.0,6.0606060606060606,30.303030303030305,39.39393939393939,19.19191919191919,5.05050505050505,0.0,0.5065998785305821,0.0,0.5877611185032097,0.17391304347826086,0.5773322518279449
2022-09-24,462,grate,32777,3077,1.0101010101010102,14.14141414141414,29.292929292929294,28.28282828282828,16.161616161616163,8.080808080808081,3.0303030303030303,0.8253753984977426,0.0,0.3389059670074872,0.5652173913043478,0.7479426964770162
2022-09-25,463,admit,28994,2677,0.0,10.0,25.0,34.0,22.0,8.0,1.0,0.6001835355294818,0.0,0.6337735834890114,0.08695652173913043,0.5217875750224414
2022-09-26,464,brisk,31706,2884,0.0,5.1020408163265305,23.46938775510204,38.775510204081634,24.489795918367346,7.142857142857142,1.0204081632653061,0.4670410097816067,0.0,0.34484619088225865,0.2608695652173913,0.542119261430281
2022-09-27,465,soggy,30985,2888,0.0,2.0202020202020203,18.181818181818183,38.38383838383838,28.28282828282828,11.11111111111111,2.0202020202020203,0.427342505814976,1.0,0.3325500150260572,0.2608695652173913,0.2965450447822131
2022-09-28,466,usurp,31355,3007,0.0,3.061224489795918,21.428571428571427,38.775510204081634,26.53061224489796,9.183673469387756,1.0204081632653061,0.49703085018809845,1.0,0.24049472389324644,0.08695652173913043,0.5360423599215252
2022-09-29,467,scald,30477,2829,0.0,4.0,23.0,36.0,24.0,11.0,2.0,0.6172756671608506,0.0,0.12970906101414692,0.43478260869565216,0.6324828478772146
2022-09-30,468,scorn,31223,2859,0.0,7.920792079207921,30.693069306930692,34.65346534653465,19.801980198019802,5.9405940594059405,0.9900990099009901,0.7009777212918291,0.0,0.330553164053351,0.17391304347826086,0.6371187075134812
2022-10-01,469,leave,28202,2696,0.0,4.081632653061225,16.3265306122449,34.69387755102041,31.63265306122449,12.244897959183673,1.0204081632653061,0.7122305739534169,1.0,0.7929014104126183,0.3913043478260869,0.7029868234528069
2022-10-02,470,twine,30088,2775,0.0,6.0,28.000000000000004,40.0,20.0,5.0,1.0,0.736916073631378,0.0,0.288629223705847,0.4782608695652174,0.6726036026230706
2022-10-03,471,sting,32288,2969,0.9803921568627451,9.803921568627452,29.411764705882355,32.35294117647059,17.647058823529413,7.8431372549019605,1.9607843137254901,0.680892519960089,0.0,0.47065140959545104,0.34782608695652173,0.8756580459461136
2022-10-04,472,bough,32014,3060,0.0,3.0303030303030303,17.17171717171717,35.35353535353536,28.28282828282828,13.131313131313133,3.0303030303030303,0.43569929725880785,0.0,0.24679919896744873,0.3913043478260869,0.5574851261438742
2022-10-05,473,march,30935,2885,0.0,9.0,30.0,35.0,19.0,6.0,1.0,0.5720279499148662,0.0,0.7760876846282954,0.30434782608695654,0.6646144428971046
2022-10-06,474,sloth,32522,2987,1.0101010101010102,10.1010101010101,38.38383838383838,34.34343434343434,13.131313131313133,3.0303030303030303,0.0,0.7871259794736669,0.0,0.32428495042920247,0.17391304347826086,0.6518744877098368
2022-10-07,475,dandy,29026,2840,0.0,2.0,11.0,23.0,28.999999999999996,24.0,11.0,0.44524142526202093,1.0,0.3556748326196093,0.4782608695652174,0.6269864677423747
2022-10-08,476,vigor,26905,2642,0.0,2.0202020202020203,15.151515151515152,35.35353535353536,31.313131313131315,14.14141414141414,2.0202020202020203,0.48453712223289735,0.0,0.3094347383158855,0.13043478260869565,0.5991856316303719
2022-10-09,477,howdy,28408,2668,0.0,2.0,13.0,32.0,32.0,17.0,4.0,0.41804899550070473,0.0,0.319852214623604,0.13043478260869565,0.3050881843888731
2022-10-10,478,enjoy,26878,2654,0.0,3.0,12.0,28.999999999999996,33.0,20.0,3.0,0.2356070723382806,0.0,0.7404894260705327,0.043478260869565216,0.3096437956444098
2022-10-11,479,valid,28575,2752,0.0,4.0,28.000000000000004,38.0,21.0,8.0,1.0,0.47005195505420083,0.0,0.5920236643210378,0.17391304347826086,0.6425274861322783
2022-10-12,480,ionic,29151,2947,0.0,2.0,13.0,25.0,28.000000000000004,21.0,11.0,0.6446894126971112,1.0,0.3471176357392114,0.2608695652173913,0.7657839392806891
2022-10-13,481,equal,27197,2677,0.0,4.9504950495049505,22.772277227722775,34.65346534653465,24.752475247524753,10.891089108910892,1.9801980198019802,0.26963128967246464,0.0,0.6485269707144774,0.0,0.49020173579589743
2022-10-14,482,floor,28906,2752,0.0,3.0,23.0,44.0,24.0,6.0,0.0,0.6098728931974491,1.0,0.709133538536255,0.13043478260869565,0.5726297086415024
2022-10-15,483,catch,30403,3123,0.0,7.07070707070707,18.181818181818183,20.2020202020202,15.151515151515152,16.161616161616163,23.232323232323232,0.6339435935143805,1.0,0.694447926817031,0.4782608695652174,0.6028833391562585
2022-10-16,484,spade,30459,2854,1.0,8.0,28.999999999999996,36.0,19.0,6.0,1.0,0.6533756454646307,0.0,0.37240928201997914,0.5217391304347826,0.6191240263305988
2022-10-17,485,stein,31269,2965,0.9900990099009901,11.881188118811881,33.663366336633665,31.683168316831683,15.841584158415841,4.9504950495049505,0.9900990099009901,0.8626027350136576,0.0,0.4393300647211371,0.30434782608695654,0.7896347112728885
2022-10-18,486,exist,28612,2805,0.0,5.05050505050505,24.242424242424242,38.38383838383838,23.232323232323232,8.080808080808081,1.0101010101010102,0.4189891906390151,0.0,0.6651930109541295,0.0,0.5921000561484848
2022-10-19,487,quirk,28322,2794,0.0,3.0,23.0,39.0,24.0,9.0,2.0,0.031293735388489896,0.0,0.330553164053351,0.17391304347826086,0.4407688682620221
2022-10-20,488,denim,28741,2769,0.0,5.05050505050505,29.292929292929294,40.4040404040404,20.2020202020202,5.05050505050505,0.0,0.600082211904482,0.0,0.41203415088434925,0.043478260869565216,0.7136069926534687
2022-10-21,489,grove,28637,2794,0.0,4.0,18.0,30.0,28.000000000000004,17.0,3.0,0.5732588713649895,0.0,0.49993663254291487,0.3913043478260869,0.6283308103452394
2022-10-22,490,spiel,29084,2810,0.0,6.9306930693069315,31.683168316831683,35.64356435643564,18.81188118811881,5.9405940594059405,0.9900990099009901,0.6723901224574265,0.0,0.23214326421389786,0.30434782608695654,0.5560281689198354
2022-10-23,491,mummy,29279,3021,0.0,0.9900990099009901,3.9603960396039604,13.861386138613863,26.732673267326735,36.633663366336634,17.82178217821782,0.10489921898371568,1.0,0.42264356069738085,0.4782608695652174,0.3637742387857714
2022-10-24,492,fault,28947,2768,0.0,7.000000000000001,27.0,35.0,22.0,8.0,1.0,0.5433892673886147,0.0,0.6464713838914645,0.2608695652173913,0.4703321395562221
2022-10-25,493,foggy,28953,2817,0.0,2.0,13.0,35.0,32.0,15.0,3.0,0.23856257370867207,1.0,0.34310454530742684,0.34782608695652173,0.30653765164905744
2022-10-26,494,flout,30063,2904,0.0,6.0,28.000000000000004,37.0,21.0,7.000000000000001,1.0,0.5336241120235592,0.0,0.14647792662626902,0.17391304347826086,0.5859759788903189
2022-10-27,495,carry,27609,2615,0.0,4.0,22.0,35.0,24.0,12.0,3.0,0.5822757173674007,1.0,0.698640967780205,0.4782608695652174,0.618808648177644
2022-10-28,496,sneak,27905,2636,0.0,7.000000000000001,28.000000000000004,36.0,21.0,7.000000000000001,1.0,0.6701435788988468,0.0,0.5103706229273384,0.21739130434782608,0.44085963912351334
2022-10-29,497,libel,25156,2536,0.0,3.0,15.0,32.0,32.0,16.0,2.0,0.6350565729016415,1.0,0.3745075984259376,0.13043478260869565,0.6229064926433545
2022-10-30,498,waltz,24672,2496,0.0,2.0202020202020203,11.11111111111111,29.292929292929294,35.35353535353536,19.19191919191919,3.0303030303030303,0.1398402067477602,0.0,0.38282675832769764,0.043478260869565216,0.40021350113267795
2022-10-31,499,aptly,26498,2572,0.0,2.9702970297029703,25.742574257425744,40.5940594059406,22.772277227722775,6.9306930693069315,0.9900990099009901,0.46479416778153704,0.0,0.328511436289461,0.043478260869565216,0.47390390657578196
2022-11-01,500,piney,27502,3667,0.0,0.9900990099009901,13.861386138613863,36.633663366336634,32.67326732673268,13.861386138613863,1.9801980198019802,0.4855095509137193,0.0,0.1945068042663609,0.34782608695652173,0.6453910107939325
2022-11-02,501,inept,27670,2640,0.0,5.88235294117647,29.411764705882355,38.23529411764706,19.607843137254903,5.88235294117647,0.9803921568627451,0.6849814596265507,0.0,0.330553164053351,0.08695652173913043,0.6466349807547993
2022-11-03,502,aloud,29554,2819,1.0,18.0,31.0,30.0,15.0,4.0,1.0,0.6178239559553411,0.0,0.410092179443305,0.13043478260869565,0.6510975803148695
2022-11-04,503,photo,27330,2565,0.0,5.0,34.0,43.0,15.0,3.0,0.0,0.6454601923637417,1.0,0.7153808879825867,0.13043478260869565,0.6284533966463202
2022-11-05,504,dream,29743,2751,5.05050505050505,14.14141414141414,31.313131313131315,29.292929292929294,15.151515151515152,4.040404040404041,1.0101010101010102,0.6804446888317472,0.0,0.702872775243154,0.17391304347826086,0.6474625859528778
2022-11-06,505,stale,31068,3013,1.9801980198019802,18.81188118811881,29.7029702970297,26.732673267326735,14.85148514851485,5.9405940594059405,1.9801980198019802,0.8904615441107264,0.0,0.393190590257831,0.7391304347826086,0.7838786306987964
2022-11-07,506,begin,26096,2439,0.0,6.0606060606060606,26.262626262626267,36.36363636363637,23.232323232323232,7.07070707070707,1.0101010101010102,0.5599299415253327,0.0,0.6882322445975865,0.08695652173913043,0.6376296089017877
2022-11-08,507,spell,27213,2531,0.0,4.040404040404041,24.242424242424242,37.37373737373738,24.242424242424242,9.090909090909092,1.0101010101010102,0.6515734157002446,1.0,0.5897234639449639,0.6086956521739131,0.6422948009646041
2022-11-09,508,rainy,28984,2678,0.9900990099009901,15.841584158415841,37.62376237623762,30.693069306930692,10.891089108910892,2.9702970297029703,0.9900990099009901,0.6063986276051008,0.0,0.4581693268928475,0.08695652173913043,0.6723985144799776
2022-11-10,509,unite,27467,2575,1.0,11.0,31.0,33.0,18.0,5.0,1.0,0.7684307920082376,0.0,0.49152740799486505,0.13043478260869565,0.7338021127900585
2022-11-11,510,medal,25993,2438,0.0,5.0,25.0,38.0,23.0,8.0,1.0,0.6279410210015508,0.0,0.5938969896976872,0.21739130434782608,0.7252875052460772
2022-11-12,511,valet,24660,2356,0.0,4.040404040404041,22.22222222222222,38.38383838383838,25.252525252525253,9.090909090909092,1.0101010101010102,0.6636563817241663,0.0,0.3389059670074872,0.17391304347826086,0.6727763498358592
2022-11-13,512,inane,25085,2515,0.0,8.0,25.0,30.0,21.0,13.0,3.0,0.7989861885049729,1.0,0.24049472389324644,0.0,0.8247627973064957
2022-11-14,513,maple,26536,2467,1.0101010101010102,6.0606060606060606,26.262626262626267,36.36363636363637,21.21212121212121,8.080808080808081,1.0101010101010102,0.5396562137711802,0.0,0.4831423909493371,0.17391304347826086,0.6368410783413068
2022-11-15,514,snarl,27475,2650,0.0,5.0,21.0,31.0,24.0,15.0,4.0,0.7695076201796127,0.0,0.22382138093982928,0.34782608695652173,0.4194619755928177
2022-11-16,515,baker,25576,2541,0.0,5.0,16.0,23.0,24.0,22.0,10.0,0.5560653482770506,0.0,0.5606938502729212,0.8260869565217391,0.5723574486397456
2022-11-17,516,there,27465,2530,0.0,14.000000000000002,35.0,33.0,14.000000000000002,4.0,0.0,0.9773330165263434,1.0,0.9956521339454624,0.34782608695652173,0.9999999999999996
2022-11-18,517,glyph,29208,2899,0.0,2.0,23.0,49.0,20.0,5.0,1.0,0.3019055479322512,0.0,0.24049472389324644,0.0,0.3418852504929917
2022-11-19,518,avert,24749,2400,0.0,7.000000000000001,26.0,35.0,22.0,9.0,1.0,0.7161600495543625,0.0,0.3325500150260572,0.21739130434782608,0.7157666865684562
2022-11-20,519,brave,24991,2396,0.9900990099009901,5.9405940594059405,16.831683168316832,26.732673267326735,26.732673267326735,17.82178217821782,4.9504950495049505,0.5310770695092184,0.0,0.5816061880133193,0.5652173913043478,0.604562490037813
2022-11-21,520,axiom,24288,2382,0.0,5.0,19.0,33.0,27.0,13.0,3.0,0.17252475743783613,0.0,0.3077204787433421,0.043478260869565216,0.42615884215230304
2022-11-22,521,prime,27437,2534,1.0,10.0,26.0,32.0,21.0,9.0,1.0,0.5672559447163212,0.0,0.6819827848308488,0.5217391304347826,0.6979004256054391
2022-11-23,522,drive,26663,2451,1.0,12.0,32.0,30.0,18.0,6.0,1.0,0.5863734351314336,0.0,0.7489469760400317,0.13043478260869565,0.6110545195603323
2022-11-24,523,feast,27705,2725,4.9504950495049505,12.871287128712872,24.752475247524753,26.732673267326735,18.81188118811881,9.900990099009901,1.9801980198019802,0.7470996662833078,0.0,0.5019992196943155,0.34782608695652173,0.7243856928878389
2022-11-25,524,itchy,24197,2329,0.0,8.0,28.000000000000004,40.0,18.0,5.0,1.0,0.5292967550992449,0.0,0.3745075984259376,0.0,0.4728675784395526
2022-11-26,525,clean,26381,2424,1.0,17.0,36.0,31.0,12.0,3.0,0.0,0.7223596104370764,0.0,0.7153808879825867,0.13043478260869565,0.7303676306199365
2022-11-27,526,happy,25206,2356,0.0,6.0606060606060606,28.28282828282828,39.39393939393939,19.19191919191919,6.0606060606060606,1.0101010101010102,0.2875947296305621,1.0,0.7949523566902296,0.4782608695652174,0.42048390407053793
2022-11-28,527,tepid,26051,2484,0.0,10.1010101010101,38.38383838383838,35.35353535353536,13.131313131313133,3.0303030303030303,0.0,0.6440179179607131,0.0,0.24264519261793827,0.08695652173913043,0.5779912748363318
2022-11-29,528,undue,23739,2316,0.0,2.9702970297029703,18.81188118811881,34.65346534653465,28.71287128712871,12.871287128712872,1.9801980198019802,0.5939775189866474,1.0,0.3639620862657631,0.17391304347826086,0.5995500230934527
2022-11-30,529,study,21934,2405,0.0,6.0,30.0,33.0,19.0,10.0,2.0,0.5040224969220217,0.0,0.7760876846282954,0.08695652173913043,0.489623283441452
2022-12-01,530,eject,22628,2200,0.0,2.0,11.0,35.0,36.0,14.000000000000002,2.0,0.4528520773524889,1.0,0.30117371693399786,0.08695652173913043,0.3342925197496762
2022-12-02,531,chafe,24646,2343,0.0,6.0606060606060606,30.303030303030305,33.33333333333333,19.19191919191919,9.090909090909092,2.0202020202020203,0.597920651438941,0.0,0.17770134288508044,0.30434782608695654,0.5905372756700786
2022-12-03,532,torso,23873,2260,0.0,4.040404040404041,35.35353535353536,36.36363636363637,17.17171717171717,6.0606060606060606,1.0101010101010102,0.8596170889637758,1.0,0.38904448400283664,0.17391304347826086,0.7409755909433344
2022-12-04,533,adore,25577,2398,1.9801980198019802,16.831683168316832,31.683168316831683,28.71287128712871,14.85148514851485,4.9504950495049505,0.9900990099009901,0.8286199684013453,0.0,0.44969162988658673,0.21739130434782608,0.7289380166356954
2022-12-05,534,woken,23153,2200,0.0,2.0,10.0,25.0,36.0,23.0,4.0,0.5346917621515122,0.0,0.3805265579516237,0.30434782608695654,0.5521162767997141
2022-12-06,535,amber,23509,2261,0.0,6.0,22.0,33.0,24.0,12.0,3.0,0.6002443863244771,0.0,0.5061839819892464,0.17391304347826086,0.6463243274707531
2022-12-07,536,joust,24899,2388,0.0,6.0,28.999999999999996,34.0,21.0,8.0,2.0,0.3251595629262023,0.0,0.19237614905458855,0.13043478260869565,0.631439537476544
2022-12-08,537,infer,21199,1863,0.0,3.061224489795918,19.387755102040817,33.6734693877551,26.53061224489796,14.285714285714285,3.061224489795918,0.6653622070775274,0.0,0.33704542973162654,0.13043478260869565,0.6932997702822283
2022-12-09,538,braid,23640,2165,0.0,10.204081632653061,36.734693877551024,35.714285714285715,14.285714285714285,3.061224489795918,0.0,0.5798240146069504,0.0,0.35360990141748716,0.17391304347826086,0.5755411617403072
2022-12-10,539,knock,21157,2041,0.0,3.0,18.0,43.0,27.0,8.0,1.0,0.29025834050306143,1.0,0.5857554506968894,0.043478260869565216,0.441969857947051
2022-12-11,540,naive,21947,2075,1.0,7.000000000000001,24.0,32.0,24.0,11.0,1.0,0.6205539526093116,0.0,0.46013026046563765,0.13043478260869565,0.6389439001339396
2022-12-12,541,apply,22873,2150,0.0,4.9504950495049505,27.722772277227726,37.62376237623762,21.782178217821784,6.9306930693069315,0.9900990099009901,0.27162668301329207,1.0,0.6819827848308488,0.21739130434782608,0.5345281894380354
2022-12-13,542,spoke,24101,2224,0.0,6.0606060606060606,31.313131313131315,38.38383838383838,19.19191919191919,5.05050505050505,0.0,0.5311300746375835,0.0,0.640009913251838,0.30434782608695654,0.47667884528909577
2022-12-14,543,usual,20824,2048,0.0,3.0,20.0,39.0,27.0,10.0,1.0,0.6224510471083609,1.0,0.6422151929265099,0.0,0.6281887969343312
2022-12-15,544,rival,22176,2127,0.0,7.000000000000001,27.0,35.0,22.0,8.0,1.0,0.5664740367622478,0.0,0.5499260725489479,0.17391304347826086,0.6487383052485938
2022-12-16,545,probe,22853,2160,0.0,6.0,24.0,32.0,24.0,11.0,3.0,0.5704958011436165,0.0,0.5103706229273384,0.30434782608695654,0.623925115196243
2022-12-17,546,chord,22336,2088,0.0,7.000000000000001,39.0,38.0,13.0,3.0,0.0,0.630564171964376,0.0,0.4393300647211371,0.08695652173913043,0.6872907189988289
2022-12-18,547,taper,22166,2108,0.0,8.0,28.000000000000004,30.0,20.0,11.0,3.0,0.7653439365538157,0.0,0.366262286641837,0.9130434782608695,0.7072224670363636
2022-12-19,548,slate,26010,2422,6.0606060606060606,14.14141414141414,33.33333333333333,27.27272727272727,13.131313131313133,5.05050505050505,1.0101010101010102,0.8904615441107264,0.0,0.4748713505533615,0.5652173913043478,0.6734507536521757
2022-12-20,549,third,24137,2261,0.9900990099009901,9.900990099009901,46.53465346534654,31.683168316831683,8.91089108910891,1.9801980198019802,0.0,0.7351543976271271,0.0,0.7886551674441153,0.043478260869565216,0.7283368223989526
2022-12-21,550,lunar,22180,2036,0.0,5.1020408163265305,32.6530612244898,40.816326530612244,17.346938775510203,4.081632653061225,0.0,0.675335677174193,0.0,0.4643934798653544,0.043478260869565216,0.6256588087273607
2022-12-22,551,excel,20490,2034,0.0,1.0101010101010102,13.131313131313133,34.34343434343434,34.34343434343434,15.151515151515152,2.0202020202020203,0.3425638783094702,1.0,0.455996104960789,0.043478260869565216,0.5120519696564627
2022-12-23,552,aorta,21937,2112,0.0,6.9306930693069315,25.742574257425744,34.65346534653465,19.801980198019802,9.900990099009901,2.9702970297029703,0.869684833692183,1.0,0.28657778993672345,0.13043478260869565,0.4852446863921398
2022-12-24,553,poise,20281,1911,1.9801980198019802,10.891089108910892,33.663366336633665,31.683168316831683,14.85148514851485,5.9405940594059405,0.9900990099009901,0.7083456107346082,0.0,0.3119469646036006,0.34782608695652173,0.6509494949209231
2022-12-25,554,extra,15554,1562,1.0,5.0,20.0,35.0,28.000000000000004,10.0,1.0,0.4509787410753816,0.0,0.7174983221294453,0.0,0.5315950988807274
2022-12-26,555,judge,20011,2043,0.0,2.0202020202020203,8.080808080808081,16.161616161616163,26.262626262626267,33.33333333333333,14.14141414141414,0.17627003955723985,0.0,0.7111961256876559,0.2608695652173913,0.34461178156345307
2022-12-27,556,condo,20879,2012,0.0,2.0,17.0,35.0,28.999999999999996,14.000000000000002,3.0,0.5950930735820785,1.0,0.4351713038449345,0.30434782608695654,0.7668093572062209
2022-12-28,557,impel,20160,1937,0.0,3.0303030303030303,21.21212121212121,40.4040404040404,25.252525252525253,9.090909090909092,1.0101010101010102,0.5147522768861246,0.0,0.16936730651652887,0.043478260869565216,0.6240655396709269
2022-12-29,558,havoc,20001,1919,0.0,2.0,16.0,38.0,30.0,12.0,2.0,0.4863124535465928,0.0,0.40782073458635204,0.0,0.5187865124225426
2022-12-30,559,molar,21204,1973,0.0,4.040404040404041,21.21212121212121,38.38383838383838,26.262626262626267,9.090909090909092,1.0101010101010102,0.6507801350975069,0.0,0.30117371693399786,0.3913043478260869,0.687128037794555
2022-12-31,560,manly,20380,1899,0.0,2.0202020202020203,17.17171717171717,37.37373737373738,29.292929292929294,12.121212121212121,2.0202020202020203,0.4208584617253064,0.0,0.44134017020723837,0.2608695652173913,0.6464400363243423
